TABLA,NOMBRE_INDICE,TIPO_INDICE,UNICIDAD,ESTADO,GRADO,COMPRESION,COLUMNAS,PROPIETARIO_INDICE,EXPRESIONES
ACCION_SEGUIMIENTO_DEM,ASD_ID_PK,NORMAL,UNIQUE,VALID,1,DISABLED,ASD_ID,SPE,
ANEXO_HIDRO_2616,ANEXO_HIDRO_2616_PK,NORMAL,UNIQUE,VALID,1,DISABLED,ANE_ID,SPE,
APRENDICES_ESTADO,APRENDICES_ESTADO_PK,NORMAL,UNIQUE,VALID,1,DISABLED,AES_ID,SPE,
APRENDICES_ESTADO_APE,APRENDICES_ESTADO_SPE_PK,NORMAL,UNIQUE,VALID,1,DISABLED,AEA_ID,SPE,
APRENDICES_MIG,APRENDICES_MIG_PK,NORMAL,UNIQUE,VALID,1,DISABLED,AMI_NIS,SPE,
APRENDICES_MIG_CERTIFICADOS,APRENDICES_MIG_CERTIFICADO_PK,NORMAL,UNIQUE,VALID,1,DISABLED,ACE_ID,SPE,
APRENDICES_MIG_CONF,APRENDICES_MIG_CONF_PK,NORMAL,UNIQUE,VALID,1,DISABLED,AMC_ID,SPE,
APRENDICES_MIG_ORI,AMO_AES_ID,NORMAL,NONUNIQUE,VALID,1,DISABLED,AES_ID,SPE,
APRENDICES_MIG_ORI,AMO_AMO_ORIENTADO,NORMAL,NONUNIQUE,VALID,1,DISABLED,AMO_ORIENTADO,SPE,
APRENDICES_MIG_ORI,APRENDICES_MIG_ORI_PK,NORMAL,UNIQUE,VALID,1,DISABLED,AMO_ID,SPE,
AREA_CONOCIMIENTO,ARC_PK,NORMAL,UNIQUE,VALID,1,DISABLED,ARC_ID,SPE,
AREA_DESEMPENO,ARD_PK,NORMAL,UNIQUE,VALID,1,DISABLED,ARD_ID,SPE,
AREA_INFLUENCIA,ARI_PK,NORMAL,UNIQUE,VALID,1,DISABLED,ARI_ID,SPE,
AREA_OCUPACIONAL,ARO_PK,NORMAL,UNIQUE,VALID,1,DISABLED,ARO_ID,SPE,
AREA_OCUPACIONAL,IDX$$_222F10001,FUNCTION-BASED NORMAL,NONUNIQUE,VALID,1,DISABLED,"SYS_NC00005$,ARO_ID",SPE,"1: TO_NUMBER(""ARD_ID"")"
AREA_OCUPACIONAL,KD_AREA_OCUPACIONAL,NORMAL,NONUNIQUE,VALID,1,DISABLED,"ARO_ID,ARO_NOMBRE",SPE,
BARRIO,BAR_PK,NORMAL,UNIQUE,VALID,1,DISABLED,BAR_ID,SPE,
BARRIO,ZON_BAR_UK,NORMAL,NONUNIQUE,VALID,1,DISABLED,ZON_ID,SPE,
CAJA_HERRAMIENTAS,PK_CAJA_HERRAMIENTAS,NORMAL,UNIQUE,VALID,1,DISABLED,CJA_ID,SPE,
CAMBIOS_REGISTRO_ORO,ROWID_CAMREGORO_PK,NORMAL,UNIQUE,VALID,1,DISABLED,"ROWID_OBJECT,FECHI_INICIO_PROCESO,FECHI_FIN_PROCESO",SPE,
CAMPO_OCUPACIONAL,CAO_PK,NORMAL,UNIQUE,VALID,1,DISABLED,CAO_ID,SPE,
CAMPO_OCUPACIONAL,IDX$$_222F10002,NORMAL,NONUNIQUE,VALID,1,DISABLED,ARO_ID,SPE,
CANDIDATOS_BUSQUEDA,CB_DPT_TEXT_IDX,DOMAIN,NONUNIQUE,VALID,1,DISABLED,CB_DPT_NOMBRE,SPE,
CANDIDATOS_BUSQUEDA,CB_INDICE_TEXT_IDX,DOMAIN,NONUNIQUE,VALID,1,DISABLED,CB_IND_NOMBRE,SPE,
CANDIDATOS_BUSQUEDA,CB_MPO_TEXT_IDX,DOMAIN,NONUNIQUE,VALID,1,DISABLED,CB_MPO_NOMBRE,SPE,
CANDIDATOS_BUSQUEDA_PORTAL,CBP_COINCI_BUSQ_TEXT_IDX,DOMAIN,NONUNIQUE,VALID,1,DISABLED,CBP_COINCIDENCIA_BUSQ,SPE,
CAP_CAPACITACIONES,CAP_ORIENTADOS_PK,NORMAL,UNIQUE,VALID,1,DISABLED,CCA_ID,SPE,
CAP_PROGRAMAS,CAP_PROGRAMAS_PK,NORMAL,UNIQUE,VALID,1,DISABLED,CPR_ID,SPE,
CARACTER,CAR_PK,NORMAL,UNIQUE,VALID,1,DISABLED,CAR_ID,SPE,
CENTRO_SPE,CSPE_PK,NORMAL,UNIQUE,VALID,1,DISABLED,CSPE_ID,SPE,
CIIU,CIIU_NOM_TEXT_IDX,DOMAIN,NONUNIQUE,VALID,1,DISABLED,CIIU_NOMBRE,SPE,
CIIU,CIIU_PK,NORMAL,UNIQUE,VALID,1,DISABLED,CIIU_ID,SPE,
CNO,CNO_PK,NORMAL,UNIQUE,VALID,1,DISABLED,CNO_ID,SPE,
CNO,IDX$$_222EE0001,FUNCTION-BASED NORMAL,NONUNIQUE,VALID,1,DISABLED,SYS_NC00003$,SPE,"1: TO_NUMBER(""OCU_ID"")"
CNO,IDX$$_222F10004,NORMAL,NONUNIQUE,VALID,1,DISABLED,OCU_ID,SPE,
CNO_CARGA,CNOC_PK,NORMAL,UNIQUE,VALID,1,DISABLED,CNC_ID,SPE,
CNO_CARGA_LOG,CNO_CARGA_LOG_PK,NORMAL,UNIQUE,VALID,1,DISABLED,CCL_ID,SPE,
COMPETENCIA_LABORAL,CLAB_DESC_TEXT_IDX,DOMAIN,NONUNIQUE,VALID,1,DISABLED,CPL_DESCRIPCION,SPE,
COMPETENCIA_LABORAL,CPL_PK,NORMAL,UNIQUE,VALID,1,DISABLED,CPL_ID,SPE,
CONTROL_CURSO,CCU_PK,NORMAL,UNIQUE,VALID,1,DISABLED,CUR_ID,SPE,
CONTROL_DEMANDA,CDE_PK,NORMAL,UNIQUE,VALID,1,DISABLED,DEM_ID,SPE,
CONTROL_DEMANDA,ESD_CDE_UK,NORMAL,NONUNIQUE,VALID,1,DISABLED,ESD_ID,SPE,
CONTROL_DEMANDA,IDX$$_222F10006,NORMAL,NONUNIQUE,VALID,1,DISABLED,"ESD_ID,DEM_ID",SPE,
CONTROL_EMPRESA,CEM_FCH_ULT_CONTACTO_IDX,NORMAL,NONUNIQUE,VALID,1,DISABLED,CEM_FCH_ULT_CONTACTO,SPE,
CONTROL_EMPRESA,CEM_PK,NORMAL,UNIQUE,VALID,1,DISABLED,EMP_ID,SPE,
CONTROL_OFERTA,COF_FCH_INSCRIPCION_IDX_2,FUNCTION-BASED NORMAL,NONUNIQUE,VALID,1,DISABLED,SYS_NC00044$,SPE,"1: TRUNC(""COF_FCH_INSCRIPCION"")"
CONTROL_OFERTA,COF_FCH_ULT_CONTACTO_IDX,NORMAL,NONUNIQUE,VALID,1,DISABLED,COF_FCH_ULT_CONTACTO,SPE,
CONTROL_OFERTA,COF_PK,NORMAL,UNIQUE,VALID,1,DISABLED,OFT_ID,SPE,
CONTROL_OFERTA,CONTROL_OFERTA_1,NORMAL,NONUNIQUE,VALID,1,DISABLED,"COF_FCH_INSCRIPCION,ESO_ID",SPE,
CONTROL_OFERTA,CONTROL_OFERTA_2,NORMAL,NONUNIQUE,VALID,1,DISABLED,"OFT_ID,COF_FCH_INSCRIPCION",SPE,
CONTROL_OFERTA,ESO_ID_IDX,NORMAL,NONUNIQUE,VALID,1,DISABLED,ESO_ID,SPE,
CONTROL_OFERTA,KD_CONTROL_OFERTA,NORMAL,UNIQUE,VALID,1,DISABLED,"OFT_ID,ESO_ID",SPE,
CONVENIO_ACCION,CAC_NOM_CON,NORMAL,UNIQUE,VALID,1,DISABLED,"CEN_ID,CAC_NOMBRE",SPE,
CONVENIO_ACCION,CAC_PK,NORMAL,UNIQUE,VALID,1,DISABLED,CAC_ID,SPE,
CONVENIO_ENTIDAD,EEX_PK,NORMAL,UNIQUE,VALID,1,DISABLED,CEN_ID,SPE,
CONVENIO_GESTION,CGE_PK,NORMAL,UNIQUE,VALID,1,DISABLED,CGE_ID,SPE,
CONVOCATORIA_2011,CONV_2011_IDX,NORMAL,NONUNIQUE,VALID,1,DISABLED,"TIPO_CONV,REG_ID,CENTRO_ID,CONSECUTIVO,CEDULA",SPE,
CORREO_OFT_EMP,COE_PK,NORMAL,NONUNIQUE,VALID,1,DISABLED,COE_ID,SPE,
CORREO_OFT_EMP,CORREO_OFT_EMP_OFT_TIC,NORMAL,NONUNIQUE,VALID,1,DISABLED,"OFT_ID,TIC_ID",SPE,
CORREO_OFT_EMP,CORREO_OFT_EMP_TIC,NORMAL,NONUNIQUE,VALID,1,DISABLED,TIC_ID,SPE,
CRU_CONF_VARIABLE,CRU_CONF_VARIABLE_PK,NORMAL,UNIQUE,VALID,1,DISABLED,CCV_ID,SPE,
CRU_EVENTO_CAMBIO,CRU_EVENTO_CAMBIO_PK,NORMAL,UNIQUE,VALID,1,DISABLED,CEC_ID,SPE,
CRU_SERVER_LOCK,CRU_SERVER_LOCK_PK,NORMAL,UNIQUE,VALID,1,DISABLED,SERVER_ID,SPE,
CUESTIONARIO_TALLER,CUT_PK,NORMAL,UNIQUE,VALID,1,DISABLED,CUT_ID,SPE,
CURSO,CUR_PK,NORMAL,UNIQUE,VALID,1,DISABLED,CUR_ID,SPE,
CURSO,CUR_REG_ID,NORMAL,NONUNIQUE,VALID,1,DISABLED,REG_ID,SPE,
CURSO,EMP_CUR_UK,NORMAL,NONUNIQUE,VALID,1,DISABLED,EMP_ID,SPE,
CURSO,OFT_CUR_UK,NORMAL,NONUNIQUE,VALID,1,DISABLED,OFT_ID,SPE,
CURXCNO,CNC_PK,NORMAL,UNIQUE,VALID,1,DISABLED,CNC_ID,SPE,
CURXCNO,CURXIND_UK,NORMAL,UNIQUE,VALID,1,DISABLED,"CUR_ID,IND_ID",SPE,
CURXPES,CPE_PK,NORMAL,UNIQUE,VALID,1,DISABLED,CPE_ID,SPE,
CURXPES,CURXPES_UK,NORMAL,UNIQUE,VALID,1,DISABLED,"CUR_ID,PES_ID",SPE,
CUR_ETD_FORMAL,CEF_PK,NORMAL,UNIQUE,VALID,1,DISABLED,CEF_ID,SPE,
CUR_ETD_FORMAL,CUR_TIT_UK,NORMAL,NONUNIQUE,VALID,1,DISABLED,"CUR_ID,TIT_ID",SPE,
CUR_ETD_NO_FORMAL,CNF_PK,NORMAL,UNIQUE,VALID,1,DISABLED,CNF_ID,SPE,
CUR_ETD_NO_FORMAL,CUR_ENF_UK,NORMAL,UNIQUE,VALID,1,DISABLED,"CUR_ID,ENF_ID",SPE,
CUR_IDIOMA,CUI_PK,NORMAL,UNIQUE,VALID,1,DISABLED,CUI_ID,SPE,
CUR_IDIOMA,CUR_IDM_UK,NORMAL,UNIQUE,VALID,1,DISABLED,"CUR_ID,IDM_ID",SPE,
CUR_INSTRUCTOR_CORREO,CIC_PK,NORMAL,UNIQUE,VALID,1,DISABLED,CIC_ID,SPE,
CUR_INSTRUCTOR_CORREO,CUR_CIC_UK,NORMAL,UNIQUE,VALID,1,DISABLED,CUR_ID,SPE,
CUR_INSTRUCTOR_CORREO,OFT_CIC_UK,NORMAL,NONUNIQUE,VALID,1,DISABLED,OFT_ID,SPE,
CUR_LICENCIA,CUL_PK,NORMAL,UNIQUE,VALID,1,DISABLED,CUL_ID,SPE,
CUR_LICENCIA,CUR_LIC_UK,NORMAL,UNIQUE,VALID,1,DISABLED,"CUR_ID,LIC_ID",SPE,
CUR_SISBEN_MPO,CSM_PK,NORMAL,UNIQUE,VALID,1,DISABLED,CSM_ID,SPE,
CUR_SISBEN_MPO,CUR_MPO_UK,NORMAL,UNIQUE,VALID,1,DISABLED,"CUR_ID,MPO_ID",SPE,
CUR_TALLER,CTA_PK,NORMAL,UNIQUE,VALID,1,DISABLED,CTA_ID,SPE,
CUR_TALLER,CUR_GUT_UK_UC,NORMAL,UNIQUE,VALID,1,DISABLED,"CUR_ID,GUT_ID",SPE,
CZ_CURSO,CZC_PK,NORMAL,UNIQUE,VALID,1,DISABLED,CUR_ID,SPE,
CZ_CURXCNO,CZ_CURXCID,NORMAL,NONUNIQUE,VALID,1,DISABLED,CUR_ID,SPE,
CZ_CURXCNO,CZ_CURXCNO_UK,NORMAL,UNIQUE,VALID,1,DISABLED,"CUR_ID,CNO_ID",SPE,
CZ_CURXPES,CZ_CURXPES_UK,NORMAL,UNIQUE,VALID,1,DISABLED,"CUR_ID,PES_ID",SPE,
CZ_CUR_ETD_FORM,CZ_CURXTIT_UK,NORMAL,UNIQUE,VALID,1,DISABLED,"CUR_ID,TIT_ID",SPE,
CZ_CUR_ETD_FORM,CZ_CUR_ETDID,NORMAL,NONUNIQUE,VALID,1,DISABLED,CUR_ID,SPE,
CZ_CUR_ETD_NFORM,CZ_CURXENF_UK,NORMAL,UNIQUE,VALID,1,DISABLED,"CUR_ID,ENF_ID",SPE,
CZ_CUR_IDIOMA,CZ_CURID,NORMAL,NONUNIQUE,VALID,1,DISABLED,CUR_ID,SPE,
CZ_CUR_IDIOMA,CZ_CURXIDM_UK,NORMAL,UNIQUE,VALID,1,DISABLED,"CUR_ID,IDM_ID",SPE,
CZ_CUR_LICENCIA,CZ_CURXLIC_UK,NORMAL,UNIQUE,VALID,1,DISABLED,"CUR_ID,LIC_ID",SPE,
CZ_CUR_SISBEN_MPO,CZ_CURXMPO_UK,NORMAL,UNIQUE,VALID,1,DISABLED,"CUR_ID,MPO_ID",SPE,
CZ_CUR_TALLER,CURXGUT_UK,NORMAL,UNIQUE,VALID,1,DISABLED,"CUR_ID,GUT_ID",SPE,
CZ_DEMANDA,CZD_ADMPOS,NORMAL,NONUNIQUE,VALID,1,DISABLED,"ADMITE_POSTULACION,DEM_ID",SPE,
CZ_DEMANDA,CZD_ADMPOS_IDX,NORMAL,NONUNIQUE,VALID,1,DISABLED,ADMITE_POSTULACION,SPE,
CZ_DEMANDA,CZD_DEM_ADM,NORMAL,UNIQUE,VALID,1,DISABLED,"DEM_ID,ADMITE_POSTULACION",SPE,
CZ_DEMANDA,CZD_PK,NORMAL,UNIQUE,VALID,1,DISABLED,DEM_ID,SPE,
CZ_DEMANDA,CZD_REG_ID,NORMAL,NONUNIQUE,VALID,1,DISABLED,REG_ID,SPE,
CZ_DEMANDA$REORG,CZD_PK$REORG,NORMAL,UNIQUE,VALID,1,DISABLED,DEM_ID,SPE,
CZ_DEMXPES,CZ_DEMXPES_UK,NORMAL,UNIQUE,VALID,1,DISABLED,"DEM_ID,PES_ID",SPE,
CZ_DEM_ETD_FORM,CZ_DEMXTIT_UK,NORMAL,NONUNIQUE,VALID,1,DISABLED,"DEM_ID,TIT_ID,INS_ID",SPE,
CZ_DEM_ETD_FORM,CZ_DEM_ID,NORMAL,NONUNIQUE,VALID,1,DISABLED,DEM_ID,SPE,
CZ_DEM_ETD_NFORM,CZ_DEMXENF_UK,NORMAL,UNIQUE,VALID,1,DISABLED,"DEM_ID,ENF_ID",SPE,
CZ_DEM_IDIOMA,CZ_DEMXIDM_UK,NORMAL,UNIQUE,VALID,1,DISABLED,"DEM_ID,IDM_ID",SPE,
CZ_DEM_LICENCIA,CZ_DEMXLIC_UK,NORMAL,UNIQUE,VALID,1,DISABLED,"DEM_ID,LIC_ID",SPE,
CZ_DEM_VARIABLE,CZ_DEMXVAR_UK,NORMAL,UNIQUE,VALID,1,DISABLED,"DEM_ID,VAC_CODIGO",SPE,
CZ_DEM_VEHICULO,CZ_DEMXVEH_UK,NORMAL,UNIQUE,VALID,1,DISABLED,"DEM_ID,VEH_ID",SPE,
CZ_OFERTA,CZO_PK,NORMAL,UNIQUE,VALID,1,DISABLED,OFT_ID,SPE,
CZ_OFTXPES,CZ_OFTXPES_UK,NORMAL,UNIQUE,VALID,1,DISABLED,"OFT_ID,PES_ID",SPE,
CZ_OFT_ETD_FORM,CZ_OFTXTIT_UK,NORMAL,NONUNIQUE,VALID,1,DISABLED,"OFT_ID,TIT_ID,INS_ID",SPE,
CZ_OFT_ETD_NFORM,CZ_OFTXENF_UK,NORMAL,UNIQUE,VALID,1,DISABLED,"OFT_ID,ENF_ID",SPE,
CZ_OFT_EXP,CZ_OFTXCNO_UK,NORMAL,UNIQUE,VALID,1,DISABLED,"OFT_ID,CNO_ID",SPE,
CZ_OFT_EXP,KD_INX_CZ_OFT_EXP,NORMAL,NONUNIQUE,VALID,1,DISABLED,OFT_ID,SPE,
CZ_OFT_EXP_IND,CZ_OFTXIND_UK_UC,NORMAL,UNIQUE,VALID,1,DISABLED,"OFT_ID,IND_ID",SPE,
CZ_OFT_IDIOMA,CZ_OFTXIDM_UK,NORMAL,UNIQUE,VALID,1,DISABLED,"OFT_ID,IDM_ID",SPE,
CZ_OFT_LICENCIA,CZ_OFTXLIC_UK,NORMAL,UNIQUE,VALID,1,DISABLED,"OFT_ID,LIC_ID",SPE,
CZ_OFT_TALLER,OFTXTAL_UK,NORMAL,UNIQUE,VALID,1,DISABLED,"OFT_ID,GUT_ID",SPE,
CZ_OFT_VEHICULO,CZ_OFTXVEH_UK,NORMAL,UNIQUE,VALID,1,DISABLED,"OFT_ID,VEH_ID",SPE,
DEMANDA,DEMANDA_CSPE_DEM_EMP_IDX,NORMAL,NONUNIQUE,VALID,1,DISABLED,"CSPE_ID,DEM_ID,EMP_ID",SPE,
DEMANDA,DEMANDA_DEM_FCH_LIMITE_IDX,NORMAL,NONUNIQUE,VALID,1,DISABLED,DEM_FCH_LIMITE,SPE,
DEMANDA,DEMANDA_DPT_RES,NORMAL,NONUNIQUE,VALID,1,DISABLED,DPT_ID_RESIDENCIA,SPE,
DEMANDA,DEMANDA_EMP_IDX,NORMAL,NONUNIQUE,VALID,1,DISABLED,EMP_ID,SPE,
DEMANDA,DEMANDA_MPO_RES,NORMAL,NONUNIQUE,VALID,1,DISABLED,MPO_ID_RESIDENCIA,SPE,
DEMANDA,DEMANDA_PAI_RES,NORMAL,NONUNIQUE,VALID,1,DISABLED,PAI_ID_RESIDENCIA,SPE,
DEMANDA,DEMANDA_TEXT_IDX,DOMAIN,NONUNIQUE,VALID,1,DISABLED,DEM_HABILIDADES,SPE,
DEMANDA,DEM_PK,NORMAL,UNIQUE,VALID,1,DISABLED,DEM_ID,SPE,
DEMANDA,FUN_DEM_UK,NORMAL,NONUNIQUE,VALID,1,DISABLED,FUN_ID,SPE,
DEMANDA,IDX$$_222EE0002,NORMAL,NONUNIQUE,VALID,1,DISABLED,IND_ID,SPE,
DEMANDA,IDX$$_222F10005,NORMAL,NONUNIQUE,VALID,1,DISABLED,"DPT_ID,DEM_PUBLICADA",SPE,
DEMANDA,IDX_DEMANDA_MPO_ID,NORMAL,NONUNIQUE,VALID,1,DISABLED,MPO_ID,SPE,
DEMANDA,IX_DEM_FUN_ACT_ID,NORMAL,NONUNIQUE,VALID,1,DISABLED,FUN_ID_ACTUALIZA,SPE,
DEMANDA,IX_DEM_FUN_VAL_ID,NORMAL,NONUNIQUE,VALID,1,DISABLED,FUN_ID_VALIDA_DEM,SPE,
DEMANDA,REG_DEM_UK,NORMAL,NONUNIQUE,VALID,1,DISABLED,REG_ID,SPE,
DEMANDA_FUNCION_CPL,DEM_FNC_CPL_PK,NORMAL,UNIQUE,VALID,1,DISABLED,ID_DEM_FNC_CPL,SPE,
DEMANDA_INDICE,PK_DEI_ID,NORMAL,UNIQUE,VALID,1,DISABLED,DEI_ID,SPE,
DEMANDA_INDICE,UQ_FK__ID_DEM_IND,NORMAL,UNIQUE,VALID,1,DISABLED,"DEM_ID,IND_ID",SPE,
DEMANDA_OCUPACION,IX_DEO_FUN_ID,NORMAL,NONUNIQUE,VALID,1,DISABLED,FUN_ID,SPE,
DEMANDA_OCUPACION,PK_DEO_ID,NORMAL,UNIQUE,VALID,1,DISABLED,DEO_ID,SPE,
DEMANDA_OCUPACION,UQ_FK_DEM_OCU,NORMAL,UNIQUE,VALID,1,DISABLED,"DEM_ID,OCU_ID",SPE,
DEMANDA_SENA,SYS_C0024116,NORMAL,UNIQUE,VALID,1,DISABLED,"COS_ID,DEMS_ID",SPE,
DEMXFUNCION,DEMXFNC_UK,NORMAL,UNIQUE,VALID,1,DISABLED,"DEM_ID,FNC_ID",SPE,
DEMXFUNCION,DFN_PK,NORMAL,UNIQUE,VALID,1,DISABLED,DFN_ID,SPE,
DEMXFUNCIONREL1,SYS_C0023855,NORMAL,UNIQUE,VALID,1,DISABLED,DFNR_1_ID,SPE,
DEMXFUNCIONREL2,SYS_C0024203,NORMAL,UNIQUE,VALID,1,DISABLED,DFNR_2_ID,SPE,
DEMXPES,DEMXPES_UK,NORMAL,UNIQUE,VALID,1,DISABLED,"DEM_ID,PES_ID",SPE,
DEMXPES,DPE_PK,NORMAL,UNIQUE,VALID,1,DISABLED,DPE_ID,SPE,
DEM_COMP_LABORAL,DEM_COMP_LABORAL_IDX_CPL_ID,NORMAL,NONUNIQUE,VALID,1,DISABLED,CPL_ID,SPE,
DEM_COMP_LABORAL,DEM_COMP_LABORAL_IDX_DEM_ID,NORMAL,NONUNIQUE,VALID,1,DISABLED,DEM_ID,SPE,
DEM_COMP_LABORAL,DEM_COMP_LABORAL_PK,NORMAL,UNIQUE,VALID,1,DISABLED,DCL_ID,SPE,
DEM_COMP_LABORAL,IDX_DEM_COMP_LAB_DEM_CPL,NORMAL,NONUNIQUE,VALID,1,DISABLED,"DEM_ID,CPL_ID",SPE,
DEM_ESTUDIOS,SYS_C0024201,NORMAL,UNIQUE,VALID,1,DISABLED,DES_ID,SPE,
DEM_ETD_FORMAL,DEF_PK,NORMAL,UNIQUE,VALID,1,DISABLED,DEF_ID,SPE,
DEM_ETD_FORMAL,DEMXTIT_UK,NORMAL,NONUNIQUE,VALID,1,DISABLED,"DEM_ID,TIT_ID",SPE,
DEM_ETD_FORMAL,IDX_DEM_ETD_FORM_DEM_NIA,NORMAL,NONUNIQUE,VALID,1,DISABLED,"DEM_ID,NIA_ID",SPE,
DEM_ETD_FORMAL,IX_DEF_FUN_ID,NORMAL,NONUNIQUE,VALID,1,DISABLED,FUN_ID,SPE,
DEM_ETD_NO_FORMAL,DEM_ENF_UK,NORMAL,UNIQUE,VALID,1,DISABLED,"DEM_ID,ENF_ID",SPE,
DEM_ETD_NO_FORMAL,DNF_PK,NORMAL,UNIQUE,VALID,1,DISABLED,DNF_ID,SPE,
DEM_EVENTO,DEM_EVENTO_PK,NORMAL,UNIQUE,VALID,1,DISABLED,DEE_ID,SPE,
DEM_IDIOMA,DEI_PK,NORMAL,UNIQUE,VALID,1,DISABLED,DEI_ID,SPE,
DEM_IDIOMA,DEMXIDM_UK,NORMAL,UNIQUE,VALID,1,DISABLED,"DEM_ID,IDM_ID",SPE,
DEM_LICENCIA,DEL_PK,NORMAL,UNIQUE,VALID,1,DISABLED,DEL_ID,SPE,
DEM_LICENCIA,DEM_DEL_UK,NORMAL,NONUNIQUE,VALID,1,DISABLED,DEM_ID,SPE,
DEM_MUN_HID,DMH_DEM_PAI_DPT_MUN_UK_UC,NORMAL,UNIQUE,VALID,1,DISABLED,"DEM_ID,PAI_ID,DPT_ID,MPO_ID",SPE,
DEM_MUN_HID,DMH_PK,NORMAL,UNIQUE,VALID,1,DISABLED,DMH_ID,SPE,
DEM_PRESELECCION,DEM_PRESELECCION_PK,NORMAL,UNIQUE,VALID,1,DISABLED,DPS_ID,SPE,
DEM_VARIABLE_CRUCE,DEM_DVC_UK,NORMAL,NONUNIQUE,VALID,1,DISABLED,DEM_ID,SPE,
DEM_VARIABLE_CRUCE,DVC_PK,NORMAL,UNIQUE,VALID,1,DISABLED,DVC_ID,SPE,
DEM_VEHICULO,DEM_DEV_UK,NORMAL,NONUNIQUE,VALID,1,DISABLED,DEM_ID,SPE,
DEM_VEHICULO,DEV_PK,NORMAL,UNIQUE,VALID,1,DISABLED,DEV_ID,SPE,
DEPARTAMENTO,DPT_NOMBRE_TEXT_IDX,DOMAIN,NONUNIQUE,VALID,1,DISABLED,DPT_NOMBRE,SPE,
DEPARTAMENTO,DPT_PK,NORMAL,UNIQUE,VALID,1,DISABLED,DPT_ID,SPE,
DIA_NO_LABORABLE,DNL_FCH_CSPE_UK,FUNCTION-BASED NORMAL,UNIQUE,VALID,1,DISABLED,"SYS_NC00004$,CSPE_ID",SPE,"1: TRUNC(""DNL_FCH"")"
DIA_NO_LABORABLE,DNL_FCH_CSPE_UK_UC,NORMAL,UNIQUE,VALID,1,DISABLED,"DNL_FCH,CSPE_ID",SPE,
DIA_NO_LABORABLE,DNL_PK,NORMAL,UNIQUE,VALID,1,DISABLED,DNL_ID,SPE,
DICCIONARIO,DICCIONARIO_PK,NORMAL,UNIQUE,VALID,1,DISABLED,DIC_ID,SPE,
DICCIONARIO,DIC_PAL_ERR_UK_UC,NORMAL,UNIQUE,VALID,1,DISABLED,DIC_PAL_ERRONEA,SPE,
DIVISION_CIIU,DIC_PK,NORMAL,UNIQUE,VALID,1,DISABLED,DIC_ID,SPE,
DURACION,DUR_PK,NORMAL,UNIQUE,VALID,1,DISABLED,DUR_ID,SPE,
DWH_COLO_FUN,DWH_COLO_FUN_INDEX,NORMAL,UNIQUE,VALID,1,DISABLED,"PERIODO,FUNCIONARIO,CENTRO,REGIONAL",SPE,
DWH_COLO_MUN,DWH_COLO_MUN_INDEX,NORMAL,UNIQUE,VALID,1,DISABLED,"PERIODO,MUNICIPIO,DEPARTAMENTO,PAIS,INTERNET",SPE,
DWH_CURS_FUN,DWH_CURS_FUN_INDEX,NORMAL,NONUNIQUE,VALID,1,DISABLED,"PERIODO,FUNCIONARIO,CENTRO,REGIONAL,OFERTA,ESTADO",SPE,
DWH_CURS_MUN,DWH_CURS_MUN_INDEX,NORMAL,NONUNIQUE,VALID,1,DISABLED,"PERIODO,MUNICIPIO,DEPARTAMENTO,PAIS,OFERTA,ESTADO,INTERNET",SPE,
DWH_DEMA_FUN,DWH_DEMA_FUN_INDEX,NORMAL,UNIQUE,VALID,1,DISABLED,"PERIODO,FUNCIONARIO,CENTRO,REGIONAL",SPE,
DWH_DEMA_MUN,DWH_DEMA_MUN_INDEX,NORMAL,UNIQUE,VALID,1,DISABLED,"PERIODO,MUNICIPIO,DEPARTAMENTO,PAIS,INTERNET",SPE,
DWH_EMPR_MUN,DWH_EMPR_MUN_INDEX,NORMAL,UNIQUE,VALID,1,DISABLED,"PERIODO,MUNICIPIO,DEPARTAMENTO,PAIS",SPE,
DWH_INSC,DWH_INSC_INDEX,NORMAL,UNIQUE,VALID,1,DISABLED,"TRIMESTRE,MUNICIPIO,DEPARTAMENTO,OCUPACION,SEXO,EDAD,EXPERIENCIA,ASPIRACION,ESTRATO,SITUACION,NIVEL_ACADEMICO",SPE,
DWH_INSC_FUN,DWH_INSC_FUN_INDEX,NORMAL,UNIQUE,VALID,1,DISABLED,"PERIODO,FUNCIONARIO,CENTRO,REGIONAL",SPE,
DWH_INSC_MUN,DWH_INSC_MUN_INDEX,NORMAL,UNIQUE,VALID,1,DISABLED,"PERIODO,MUNICIPIO,DEPARTAMENTO,PAIS,INTERNET",SPE,
DWH_ORIE_FUN,DWH_ORIE_FUN_INDEX,NORMAL,UNIQUE,VALID,1,DISABLED,"PERIODO,FUNCIONARIO,CENTRO,REGIONAL,OFERTA",SPE,
DWH_ORIE_MUN,DWH_ORIE_MUN_INDEX,NORMAL,UNIQUE,VALID,1,DISABLED,"PERIODO,MUNICIPIO,DEPARTAMENTO,PAIS,OFERTA",SPE,
DWH_POST_FUN,DWH_POST_FUN_INDEX,NORMAL,UNIQUE,VALID,1,DISABLED,"PERIODO,FUNCIONARIO,CENTRO,REGIONAL",SPE,
DWH_POST_MUN,DWH_POST_MUN_INDEX,NORMAL,UNIQUE,VALID,1,DISABLED,"PERIODO,MUNICIPIO,DEPARTAMENTO,PAIS,INTERNET",SPE,
DWH_SEGU_FUN,DWH_SEGU_FUN_INDEX,NORMAL,UNIQUE,VALID,1,DISABLED,"PERIODO,FUNCIONARIO,CENTRO,REGIONAL,TIPO",SPE,
DWH_SEGU_MUN,DWH_SEGU_MUN_INDEX,NORMAL,UNIQUE,VALID,1,DISABLED,"PERIODO,MUNICIPIO,DEPARTAMENTO,PAIS,TIPO",SPE,
DWH_VACA_FUN,DWH_VACA_FUN_INDEX,NORMAL,UNIQUE,VALID,1,DISABLED,"PERIODO,FUNCIONARIO,CENTRO,REGIONAL",SPE,
DWH_VACA_MUN,DWH_VACA_MUN_INDEX,NORMAL,UNIQUE,VALID,1,DISABLED,"PERIODO,MUNICIPIO,DEPARTAMENTO,PAIS,INTERNET",SPE,
EESXPES,EEP_PK,NORMAL,UNIQUE,VALID,1,DISABLED,EEP_ID,SPE,
EJECUCION_TALLER,ETA_ID_FCH_CSPE_ID_IDX,NORMAL,NONUNIQUE,VALID,1,DISABLED,"ETA_ID,ETA_FCH_REGISTRO,CSPE_ID",SPE,
EJECUCION_TALLER,ETA_PK,NORMAL,UNIQUE,VALID,1,DISABLED,ETA_ID,SPE,
EJECUCION_TALLER,IDX_ETA_FUN_REG_FCH,NORMAL,NONUNIQUE,VALID,1,DISABLED,"FUN_ID,ETA_FCH_EJECUCION",SPE,
EMPRESA,EMP_IDENTIFICACION_UK,NORMAL,UNIQUE,VALID,1,DISABLED,EMP_IDENTIFICACION,SPE,
EMPRESA,EMP_PK,NORMAL,UNIQUE,VALID,1,DISABLED,EMP_ID,SPE,
EMPRESA,EMP_RAZSOC_TEXT_IDX,DOMAIN,NONUNIQUE,VALID,1,DISABLED,EMP_RAZON_SOCIAL,SPE,
EMPRESA,REG_EMP_UK,NORMAL,NONUNIQUE,VALID,1,DISABLED,REG_ID,SPE,
EMPRESA_ANULADA,EMA_PK,NORMAL,UNIQUE,VALID,1,DISABLED,EMP_ID,SPE,
EMPRESA_ESPECIAL,EES_PK,NORMAL,UNIQUE,VALID,1,DISABLED,EES_ID,SPE,
EMPRESA_PILA_TEMP,EMP_IDENTIFICACION2_UK,NORMAL,UNIQUE,VALID,1,DISABLED,EMP_IDENTIFICACION,SPE,
EMPXEES,EEE_PK,NORMAL,UNIQUE,VALID,1,DISABLED,EEE_ID,SPE,
EMPXEES,EMPXEES_UK,NORMAL,UNIQUE,VALID,1,DISABLED,"EMP_ID,EES_ID",SPE,
EMP_TALLER,EMP_EMT_UK,NORMAL,NONUNIQUE,VALID,1,DISABLED,EMP_ID,SPE,
EMP_TALLER,EMTXETA_UK,NORMAL,UNIQUE,VALID,1,DISABLED,"ETA_ID,EMP_ID",SPE,
EMP_TALLER,EMT_PK,NORMAL,UNIQUE,VALID,1,DISABLED,EMT_ID,SPE,
ENVIO,DEM_ENV_UK,NORMAL,NONUNIQUE,VALID,1,DISABLED,DEM_ID,SPE,
ENVIO,ENVIO_OFT_IDX,NORMAL,NONUNIQUE,VALID,1,DISABLED,OFT_ID,SPE,
ENVIO,ENV_OFT_DEM_UK,NORMAL,UNIQUE,VALID,1,DISABLED,"OFT_ID,DEM_ID",SPE,
ENVIO,ENV_PK,NORMAL,UNIQUE,VALID,1,DISABLED,ENV_ID,SPE,
ENVIO,IDX_ENV_FUNSEG_FCH_SEG,NORMAL,NONUNIQUE,VALID,1,DISABLED,"FUN_ID_SEGUIMIENTO,ENV_FCH_SEGUIMIENTO",SPE,
ENVIO,IDX_ENV_FUN_FCH_REG,NORMAL,NONUNIQUE,VALID,1,DISABLED,"FUN_ID,ENV_FCH_REGISTRO",SPE,
ENVIO,INX_ENV_KD_0001,NORMAL,NONUNIQUE,VALID,1,DISABLED,"FSO_ID,ENV_FCH_SEGUIMIENTO,DEM_ID,OFT_ID",SPE,
ENVIO_SENSIBILIZACION,ENVIO_SEN_DEM_IDX,NORMAL,NONUNIQUE,VALID,1,DISABLED,DEM_ID,SPE,
ENVIO_SENSIBILIZACION,ENVIO_SEN_OFT_IDX,NORMAL,NONUNIQUE,VALID,1,DISABLED,OFT_ID,SPE,
ENVIO_SENSIBILIZACION,ENV_SEN_APLICA,NORMAL,NONUNIQUE,VALID,1,DISABLED,APLICA,SPE,
ENVIO_SENSIBILIZACION,ENV_SEN_FUN_ID,NORMAL,NONUNIQUE,VALID,1,DISABLED,FUN_ID,SPE,
ENVIO_SENSIBILIZACION,ENV_SEN_OFT_DEM_UK,NORMAL,UNIQUE,VALID,1,DISABLED,"OFT_ID,DEM_ID",SPE,
ENVIO_SENSIBILIZACION,ENV_SEN_PK,NORMAL,UNIQUE,VALID,1,DISABLED,ENV_SEN_ID,SPE,
ESPECIALIDAD_ARD,EAD_PK,NORMAL,UNIQUE,VALID,1,DISABLED,EAD_ID,SPE,
ESTACION_CONSULTA,ECN_PK,NORMAL,UNIQUE,VALID,1,DISABLED,ECN_ID,SPE,
ESTADISTICAS_PROD,ESTADISTICAS_PROD,NORMAL,NONUNIQUE,VALID,1,DISABLED,"STATID,TYPE,C5,C1,C2,C3,C4,VERSION",SPE,
ESTADO_CIVIL,ESC_PK,NORMAL,UNIQUE,VALID,1,DISABLED,ESC_ID,SPE,
ESTADO_CURSO,ECR_PK,NORMAL,UNIQUE,VALID,1,DISABLED,ECR_ID,SPE,
ESTADO_DEMANDA,ESD_PK,NORMAL,UNIQUE,VALID,1,DISABLED,ESD_ID,SPE,
ESTADO_EMPRESA,ESE_PK,NORMAL,UNIQUE,VALID,1,DISABLED,ESE_ID,SPE,
ESTADO_OFERTA,ESO_PK,NORMAL,UNIQUE,VALID,1,DISABLED,ESO_ID,SPE,
ESTRATO,ETR_PK,NORMAL,UNIQUE,VALID,1,DISABLED,ETR_ID,SPE,
ESTUDIO_FORMAL,ESTUDIO_FORMAL_NIA_ID,NORMAL,NONUNIQUE,VALID,1,DISABLED,NIA_ID,SPE,
ESTUDIO_FORMAL,ESTUDIO_FORMAL_TIT_ID,NORMAL,NONUNIQUE,VALID,1,DISABLED,TIT_ID,SPE,
ESTUDIO_FORMAL,ETF_PK,NORMAL,UNIQUE,VALID,1,DISABLED,ETF_ID,SPE,
ESTUDIO_FORMAL,INS_ETF_UK,NORMAL,NONUNIQUE,VALID,1,DISABLED,INS_ID,SPE,
ESTUDIO_NO_FORMAL,EAD_ENF_UK,NORMAL,NONUNIQUE,VALID,1,DISABLED,EAD_ID,SPE,
ESTUDIO_NO_FORMAL,ENF_NOMBRE_TEXT_IDX,DOMAIN,NONUNIQUE,VALID,1,DISABLED,ENF_NOMBRE,SPE,
ESTUDIO_NO_FORMAL,ENF_PK,NORMAL,UNIQUE,VALID,1,DISABLED,ENF_ID,SPE,
EVENTO,EVE_PK,NORMAL,UNIQUE,VALID,1,DISABLED,EVE_ID,SPE,
EVENTOS,EVENTOS_PK,NORMAL,UNIQUE,VALID,1,DISABLED,EVENTO_ID,SPE,
EXPERIENCIAXFUNCION,EXK_PK,NORMAL,UNIQUE,VALID,1,DISABLED,EXF_ID,SPE,
EXPERIENCIAXFUNCION,OEX_EXF_UK,NORMAL,NONUNIQUE,VALID,1,DISABLED,OEX_ID,SPE,
EXPERIENCIAXFUNCION,RG_378386647_28,NORMAL,UNIQUE,VALID,1,DISABLED,"FNC_ID,OEX_ID",SPE,
FUENTE_SEG_CURSO,FSC_PK,NORMAL,UNIQUE,VALID,1,DISABLED,FSC_ID,SPE,
FUENTE_SEG_DEMANDA,FSD_PK,NORMAL,UNIQUE,VALID,1,DISABLED,FSD_ID,SPE,
FUENTE_SEG_EMPRESA,FSE_PK,NORMAL,UNIQUE,VALID,1,DISABLED,FSE_ID,SPE,
FUENTE_SEG_OFERTA,FSO_PK,NORMAL,UNIQUE,VALID,1,DISABLED,FSO_ID,SPE,
FUNCION,FNC_PK,NORMAL,UNIQUE,VALID,1,DISABLED,FNC_ID,SPE,
FUNCION,FUNC_DESC_TEXT_IDX,NORMAL,NONUNIQUE,VALID,1,DISABLED,FNC_DESCRIPCION,SPE,
FUNCION,OCU_FNC_UK,NORMAL,NONUNIQUE,VALID,1,DISABLED,OCU_ID,SPE,
FUNCIONARIO,FUNCIONARIO_FUN_ESTADO,NORMAL,NONUNIQUE,VALID,1,DISABLED,FUN_ESTADO,SPE,
FUNCIONARIO,FUN_PK,NORMAL,UNIQUE,VALID,1,DISABLED,FUN_ID,SPE,
FUNCIONARIO,KD_FUNCIONARIO,NORMAL,NONUNIQUE,VALID,1,DISABLED,"FUN_ID,REG_ID",SPE,
FUNCIONARIO,OFT_FUN_UK,NORMAL,NONUNIQUE,VALID,1,DISABLED,OFT_ID,SPE,
FUNCION_COMPETENCIA_LABORAL,FNC_CCPL_ID_PK,NORMAL,UNIQUE,VALID,1,DISABLED,FNC_CPL_ID,SPE,
FUNXGRUPO,FUN_GRP_UK,NORMAL,UNIQUE,VALID,1,DISABLED,"FUN_ID,GRP_ID",SPE,
FUN_ESP,FUN_ID_ESP,NORMAL,UNIQUE,VALID,1,DISABLED,FUN_ID,SPE,
GRUPO,GRP_PK,NORMAL,UNIQUE,VALID,1,DISABLED,GRP_ID,SPE,
GRUPOXROL,GRP_ROL_UK,NORMAL,UNIQUE,VALID,1,DISABLED,"GRP_ID,ROL_ID",SPE,
GRUPO_CIIU,GRC_PK,NORMAL,UNIQUE,VALID,1,DISABLED,GRC_ID,SPE,
GRUPO_META_TABLA,GMT_PK,NORMAL,UNIQUE,VALID,1,DISABLED,GMT_ID,SPE,
GUIA_TALLER,GUT_PK,NORMAL,UNIQUE,VALID,1,DISABLED,GUT_ID,SPE,
HISTORICO_MOTIVO_COLOCACION,IDX_HMC_DEM_ID,NORMAL,NONUNIQUE,VALID,1,DISABLED,DEM_ID,SPE,
HISTORICO_MOTIVO_COLOCACION,IDX_HMC_ENV_ID,NORMAL,NONUNIQUE,VALID,1,DISABLED,ENV_ID,SPE,
HISTORICO_MOTIVO_COLOCACION,IDX_HMC_FUN_FCH,NORMAL,NONUNIQUE,VALID,1,DISABLED,"FUN_ID,HMC_FCH_REGISTRO",SPE,
HISTORICO_MOTIVO_COLOCACION,IDX_HMC_OFT_ID,NORMAL,NONUNIQUE,VALID,1,DISABLED,OFT_ID,SPE,
HISTORICO_MOTIVO_COLOCACION,PK_HIST_MOTIVO_COLOCACION,NORMAL,UNIQUE,VALID,1,DISABLED,HMC_ID,SPE,
HIST_MC_BANIN_CONTRATACION,HMCBCT_ID_PK,NORMAL,UNIQUE,VALID,1,DISABLED,HMCBCT_ID,SPE,
HIST_MC_BANIN_DEPEN_PRESU,HMBDPP_ID_PK,NORMAL,UNIQUE,VALID,1,DISABLED,HMBDPP_ID,SPE,
HIST_MC_BANIN_RUBRO,HMBRB_ID_PK,NORMAL,UNIQUE,VALID,1,DISABLED,HMBRB_ID,SPE,
HIS_ARI_DEM,HD_ARI_ID_PK,NORMAL,UNIQUE,VALID,1,DISABLED,HD_ARI_ID,SPE,
HIS_BARRIO_EMP,EMP_HBE_UK,NORMAL,NONUNIQUE,VALID,1,DISABLED,EMP_ID,SPE,
HIS_BARRIO_EMP,HBE_PK,NORMAL,UNIQUE,VALID,1,DISABLED,HBE_ID,SPE,
HIS_BARRIO_OFT,HBO_PK,NORMAL,UNIQUE,VALID,1,DISABLED,HBO_ID,SPE,
HIS_BARRIO_OFT,IX_HBO_FUN_ID,NORMAL,NONUNIQUE,VALID,1,DISABLED,FUN_ID,SPE,
HIS_BARRIO_OFT,OFT_HBO_UK,NORMAL,NONUNIQUE,VALID,1,DISABLED,OFT_ID,SPE,
HIS_CEL_OFT,SYS_C0049589,NORMAL,UNIQUE,VALID,1,DISABLED,HCEO_ID,SPE,
HIS_CIIU_EMP,EMP_HCE_UK,NORMAL,NONUNIQUE,VALID,1,DISABLED,EMP_ID,SPE,
HIS_CIIU_EMP,HCE_PK,NORMAL,UNIQUE,VALID,1,DISABLED,HCE_ID,SPE,
HIS_CORREO_OFT,SYS_C0049594,NORMAL,UNIQUE,VALID,1,DISABLED,HCO_ID,SPE,
HIS_CURSO_OFT,HIS_CURSO_OFT_PK,NORMAL,UNIQUE,VALID,1,DISABLED,HCO_ID,SPE,
HIS_DEMANDA_CNO,HDC_DEM_UK,NORMAL,NONUNIQUE,VALID,1,DISABLED,DEM_ID,SPE,
HIS_DEM_EVENTO,HIS_DEM_EVENTO_PK,NORMAL,UNIQUE,VALID,1,DISABLED,HIS_DEE_ID,SPE,
HIS_DEM_NUMVACANTES,HDNV_ID_PK,NORMAL,UNIQUE,VALID,1,DISABLED,HDNV_ID,SPE,
HIS_ESTADO_CIVIL_OFT,HECO_PK,NORMAL,UNIQUE,VALID,1,DISABLED,HECO_ID,SPE,
HIS_ESTADO_CIVIL_OFT,IX_HECO_FUN_ID,NORMAL,NONUNIQUE,VALID,1,DISABLED,FUN_ID,SPE,
HIS_ESTADO_CIVIL_OFT,OFT_HECO_UK,NORMAL,NONUNIQUE,VALID,1,DISABLED,OFT_ID,SPE,
HIS_ESTADO_CURSO,CUR_HEC_UK,NORMAL,NONUNIQUE,VALID,1,DISABLED,CUR_ID,SPE,
HIS_ESTADO_CURSO,HEC_PK,NORMAL,UNIQUE,VALID,1,DISABLED,HEC_ID,SPE,
HIS_ESTADO_DEMANDA,DEM_HED_UK,NORMAL,NONUNIQUE,VALID,1,DISABLED,DEM_ID,SPE,
HIS_ESTADO_DEMANDA,HED_PK,NORMAL,UNIQUE,VALID,1,DISABLED,HED_ID,SPE,
HIS_ESTADO_EMPRESA,EMP_HEE_UK,NORMAL,NONUNIQUE,VALID,1,DISABLED,EMP_ID,SPE,
HIS_ESTADO_EMPRESA,HEE_PK,NORMAL,UNIQUE,VALID,1,DISABLED,HEE_ID,SPE,
HIS_ESTADO_OFERTA,HEO_PK,NORMAL,UNIQUE,VALID,1,DISABLED,HEO_ID,SPE,
HIS_ESTADO_OFERTA,OFT_HEO_UK,NORMAL,NONUNIQUE,VALID,1,DISABLED,OFT_ID,SPE,
HIS_ESTRATO_OFT,HETO_PK,NORMAL,UNIQUE,VALID,1,DISABLED,HETO_ID,SPE,
HIS_ESTRATO_OFT,IX_HETO_FUN_ID,NORMAL,NONUNIQUE,VALID,1,DISABLED,FUN_ID,SPE,
HIS_ESTRATO_OFT,OFT_HETO_UK,NORMAL,NONUNIQUE,VALID,1,DISABLED,OFT_ID,SPE,
HIS_MUNICIPIO_EMP,EMP_HME_UK,NORMAL,NONUNIQUE,VALID,1,DISABLED,EMP_ID,SPE,
HIS_MUNICIPIO_EMP,HME_PK,NORMAL,UNIQUE,VALID,1,DISABLED,HME_ID,SPE,
HIS_MUNICIPIO_OFT,HMO_PK,NORMAL,UNIQUE,VALID,1,DISABLED,HMO_ID,SPE,
HIS_MUNICIPIO_OFT,IX_HMO_FUN_ID,NORMAL,NONUNIQUE,VALID,1,DISABLED,FUN_ID,SPE,
HIS_MUNICIPIO_OFT,OFT_HMO_UK,NORMAL,NONUNIQUE,VALID,1,DISABLED,OFT_ID,SPE,
HIS_NAT_EMP,EMP_HNE_UK,NORMAL,NONUNIQUE,VALID,1,DISABLED,EMP_ID,SPE,
HIS_NAT_EMP,HNE_PK,NORMAL,UNIQUE,VALID,1,DISABLED,HNE_ID,SPE,
HIS_NIT_EMPRESA,HIS_NIT_EMPRESA_PK,NORMAL,UNIQUE,VALID,1,DISABLED,HIS_NIT_ID,SPE,
HIS_NUM_TRAB_EMP,EMP_HNTE_UK,NORMAL,NONUNIQUE,VALID,1,DISABLED,EMP_ID,SPE,
HIS_NUM_TRAB_EMP,HNTE_PK,NORMAL,UNIQUE,VALID,1,DISABLED,HNTE_ID,SPE,
HIS_OCUP_PREFERENCIA,HCO_PK,NORMAL,UNIQUE,VALID,1,DISABLED,HOP_ID,SPE,
HIS_OCUP_PREFERENCIA,IX_HOP_FUN_ID,NORMAL,NONUNIQUE,VALID,1,DISABLED,FUN_ID,SPE,
HIS_OCUP_PREFERENCIA,OFT_HOP_UK,NORMAL,NONUNIQUE,VALID,1,DISABLED,OFT_ID,SPE,
HIS_OFTXPES,HIOPE_PK,NORMAL,UNIQUE,VALID,1,DISABLED,HIOPE_ID,SPE,
HIS_OFTXPES,HIS_OFTXPES_UK,NORMAL,UNIQUE,VALID,1,DISABLED,"OFT_ID,PES_ID,FCH_ALTA",SPE,
HIS_OFTXPES,IX_HOPE_FUN_ID,NORMAL,NONUNIQUE,VALID,1,DISABLED,FUN_ID,SPE,
HIS_ORIENTACION_EMP,HIS_ORIENTACION_EMP_PK,NORMAL,UNIQUE,VALID,1,DISABLED,HORIE_ID,SPE,
HIS_ORIENTACION_EMP,IDX_HORIE_FUN_FCH,NORMAL,NONUNIQUE,VALID,1,DISABLED,"FUN_ID,FECHA_REGISTRO",SPE,
HIS_ORIENTACION_OFT,HIS_ORIENTACION_OFT_PK,NORMAL,UNIQUE,VALID,1,DISABLED,HORIO_ID,SPE,
HIS_ORIENTACION_OFT,IDX_HORIO_FUN_FCH,NORMAL,NONUNIQUE,VALID,1,DISABLED,"FUN_ID,FECHA_REGISTRO",SPE,
HIS_PER_CARGO_OFT,HPCO_PK,NORMAL,UNIQUE,VALID,1,DISABLED,HPCO_ID,SPE,
HIS_PER_CARGO_OFT,IX_HPCO_FUN_ID,NORMAL,NONUNIQUE,VALID,1,DISABLED,FUN_ID,SPE,
HIS_PER_CARGO_OFT,OFT_HPCO_UK,NORMAL,NONUNIQUE,VALID,1,DISABLED,OFT_ID,SPE,
HIS_POS_FAM_OFT,HPFO_PK,NORMAL,UNIQUE,VALID,1,DISABLED,HPFO_ID,SPE,
HIS_POS_FAM_OFT,IX_HPFO_FUN_ID,NORMAL,NONUNIQUE,VALID,1,DISABLED,FUN_ID,SPE,
HIS_POS_FAM_OFT,OFT_HPFO_UK,NORMAL,NONUNIQUE,VALID,1,DISABLED,OFT_ID,SPE,
HIS_SALARIO_MINIMO,HSM_PK,NORMAL,UNIQUE,VALID,1,DISABLED,HSM_ID,SPE,
HIS_SEG_CURSO,CUR_HGC_UK,NORMAL,NONUNIQUE,VALID,1,DISABLED,CUR_ID,SPE,
HIS_SEG_CURSO,HGC_PK,NORMAL,UNIQUE,VALID,1,DISABLED,HGC_ID,SPE,
HIS_SEG_DEMANDA,DEM_HGD_UK,NORMAL,NONUNIQUE,VALID,1,DISABLED,DEM_ID,SPE,
HIS_SEG_DEMANDA,HGD_PK,NORMAL,UNIQUE,VALID,1,DISABLED,HGD_ID,SPE,
HIS_SEG_DEMANDA,IDX_HGD_FUN_REG_FCH,NORMAL,NONUNIQUE,VALID,1,DISABLED,"FUN_ID,HGD_FCH_REGISTRO",SPE,
HIS_SEG_EMPRESA,EMP_HGE_UK,NORMAL,NONUNIQUE,VALID,1,DISABLED,EMP_ID,SPE,
HIS_SEG_EMPRESA,HGE_PK,NORMAL,UNIQUE,VALID,1,DISABLED,HGE_ID,SPE,
HIS_SEG_EMPRESA,IDX_HGE_FUN_REG_YEAR,NORMAL,NONUNIQUE,VALID,1,DISABLED,"FUN_ID,HGE_FCH_REGISTRO",SPE,
HIS_SEG_OFERTA,FUN_HGO_UK,NORMAL,NONUNIQUE,VALID,1,DISABLED,FUN_ID,SPE,
HIS_SEG_OFERTA,HGO_PK,NORMAL,UNIQUE,VALID,1,DISABLED,HGO_ID,SPE,
HIS_SEG_OFERTA,KD_HIS_SEG_OFERTA_1,NORMAL,NONUNIQUE,VALID,1,DISABLED,"HGO_FCH_REGISTRO,FUN_ID,OFT_ID",SPE,
HIS_SEG_OFERTA,OFT_HGO_UK,NORMAL,NONUNIQUE,VALID,1,DISABLED,OFT_ID,SPE,
HIS_SISBEN_OFT,HSBO_PK,NORMAL,UNIQUE,VALID,1,DISABLED,HSBO_ID,SPE,
HIS_SISBEN_OFT,IX_HSBO_FUN_ID,NORMAL,NONUNIQUE,VALID,1,DISABLED,FUN_ID,SPE,
HIS_SISBEN_OFT,OFT_HSBO_UK,NORMAL,NONUNIQUE,VALID,1,DISABLED,OFT_ID,SPE,
HIS_SITUACION_OCUP,HOO_PK,NORMAL,UNIQUE,VALID,1,DISABLED,HOO_ID,SPE,
HIS_SITUACION_OCUP,OFT_HOO_UK,NORMAL,NONUNIQUE,VALID,1,DISABLED,OFT_ID,SPE,
HIS_SUELDO_OFERTA,HSO_PK,NORMAL,UNIQUE,VALID,1,DISABLED,HSO_ID,SPE,
HIS_SUELDO_OFERTA,IX_HSO_FUN_ID,NORMAL,NONUNIQUE,VALID,1,DISABLED,FUN_ID,SPE,
HIS_SUELDO_OFERTA,OFT_HSO_UK,NORMAL,NONUNIQUE,VALID,1,DISABLED,OFT_ID,SPE,
HIS_ZONA_EMP,EMP_HZE_UK,NORMAL,NONUNIQUE,VALID,1,DISABLED,EMP_ID,SPE,
HIS_ZONA_EMP,HZE_PK,NORMAL,UNIQUE,VALID,1,DISABLED,HZE_ID,SPE,
HIS_ZONA_OFT,HZO_PK,NORMAL,UNIQUE,VALID,1,DISABLED,HZO_ID,SPE,
HIS_ZONA_OFT,IX_HZO_FUN_ID,NORMAL,NONUNIQUE,VALID,1,DISABLED,FUN_ID,SPE,
HIS_ZONA_OFT,OFT_HZO_UK,NORMAL,NONUNIQUE,VALID,1,DISABLED,OFT_ID,SPE,
IDIOMA,IDM_PK,NORMAL,UNIQUE,VALID,1,DISABLED,IDM_ID,SPE,
INDICE,INDICE_INDEX1,NORMAL,NONUNIQUE,VALID,1,DISABLED,CNO_ID,SPE,
INDICE,INDICE_NOMBRE_TEXT_IDX,DOMAIN,NONUNIQUE,VALID,1,DISABLED,IND_NOMBRE,SPE,
INDICE,IND_NOMBRE_UP_FB,FUNCTION-BASED NORMAL,NONUNIQUE,VALID,1,DISABLED,SYS_NC00005$,SPE,"1: UPPER(""IND_NOMBRE"")"
INDICE,IND_PK,NORMAL,UNIQUE,VALID,1,DISABLED,IND_ID,SPE,
INDICE,KD_INDICE_NOMBRE,NORMAL/REV,NONUNIQUE,VALID,1,DISABLED,IND_NOMBRE,SPE,
INDICE_NO_CALIFICADO,INDNC_PK,NORMAL,UNIQUE,VALID,1,DISABLED,INDNC_ID,SPE,
INDICE_OCUPACIONAL,INDICE_OCUPACIONAL_PK,NORMAL,UNIQUE,VALID,1,DISABLED,IND_ID,SPE,
INSCRIPCION_CURSO,INC_PK,NORMAL,UNIQUE,VALID,1,DISABLED,INC_ID,SPE,
INSCRIPCION_CURSO,INS_CUR_CURID_FSOID,NORMAL,NONUNIQUE,VALID,1,DISABLED,"CUR_ID,FSO_ID",SPE,
INSCRIPCION_CURSO,IX_INC_FUN_ID,NORMAL,NONUNIQUE,VALID,1,DISABLED,FUN_ID,SPE,
INSCRIPCION_CURSO,IX_INC_FUN_SEG_ID,NORMAL,NONUNIQUE,VALID,1,DISABLED,FUN_SEGUIMIENTO,SPE,
INSCRIPCION_CURSO,OFT_INC_UK,NORMAL,NONUNIQUE,VALID,1,DISABLED,OFT_ID,SPE,
INSCRIPCION_CURSO,OFT_IND_CUR_UK_UC,NORMAL,UNIQUE,VALID,1,DISABLED,"OFT_ID,CUR_ID",SPE,
INSTITUCION,DPT_INS_UK,NORMAL,NONUNIQUE,VALID,1,DISABLED,DPT_ID,SPE,
INSTITUCION,INSTIT_NOMBRE_TEXT_IDX,DOMAIN,NONUNIQUE,VALID,1,DISABLED,INS_NOMBRE,SPE,
INSTITUCION,INS_PK,NORMAL,UNIQUE,VALID,1,DISABLED,INS_ID,SPE,
INSTITUCION,MPO_INS_UK,NORMAL,NONUNIQUE,VALID,1,DISABLED,MPO_ID,SPE,
INSTRUCTOR_ECAP,ITR_OFTXEMP_UK,NORMAL,UNIQUE,VALID,1,DISABLED,"OFT_ID,EMP_ID",SPE,
INSTRUCTOR_ECAP,ITR_PK,NORMAL,UNIQUE,VALID,1,DISABLED,ITR_ID,SPE,
INVITACION,SYS_C0023726,NORMAL,UNIQUE,VALID,1,DISABLED,INV_ID,SPE,
JORNADA_TRABAJO,JTR_PK,NORMAL,UNIQUE,VALID,1,DISABLED,JTR_ID,SPE,
LICENCIA_CONDUCCION,LIC_PK,NORMAL,UNIQUE,VALID,1,DISABLED,LIC_ID,SPE,
LISTA_ROTACION_DEF,LIR_PK,NORMAL,UNIQUE,VALID,1,DISABLED,LIR_ID,SPE,
LISTA_ROTACION_OFT,LRO_LISTA_OFERTA_UK,NORMAL,UNIQUE,VALID,1,DISABLED,"LIR_ID,OFT_ID",SPE,
LISTA_ROTACION_OFT,LRO_LISTA_PUESTO_UK,NORMAL,UNIQUE,VALID,1,DISABLED,"LIR_ID,LRO_PUESTO",SPE,
LISTA_ROTACION_OFT,LRO_PK,NORMAL,UNIQUE,VALID,1,DISABLED,LRO_ID,SPE,
LISTA_ROTACION_ZONAGEO,LZG_BAR_UK,NORMAL,UNIQUE,VALID,1,DISABLED,"PAI_ID,DPT_ID,MPO_ID,ZON_ID,BAR_ID",SPE,
LISTA_ROTACION_ZONAGEO,LZG_PK,NORMAL,UNIQUE,VALID,1,DISABLED,LZG_ID,SPE,
LOG_ADM_CONTENIDO,LAC_PK,NORMAL,UNIQUE,VALID,1,DISABLED,LAC_ID,SPE,
LOG_DEM_ETD_FORMAL,DEM_LDF_UK,NORMAL,NONUNIQUE,VALID,1,DISABLED,DEM_ID,SPE,
LOG_DEM_ETD_FORMAL,IX_LDEF_FUN_ID,NORMAL,NONUNIQUE,VALID,1,DISABLED,FUN_ID,SPE,
LOG_DEM_ETD_FORMAL,LDF_PK,NORMAL,UNIQUE,VALID,1,DISABLED,LDF_ID,SPE,
LOG_DEM_ETD_NO_FORMAL,DEM_LDN_UK,NORMAL,NONUNIQUE,VALID,1,DISABLED,DEM_ID,SPE,
LOG_DEM_ETD_NO_FORMAL,LDN_PK,NORMAL,UNIQUE,VALID,1,DISABLED,LDN_ID,SPE,
LOG_DEM_IDIOMA,DEM_LDI_UK,NORMAL,NONUNIQUE,VALID,1,DISABLED,DEM_ID,SPE,
LOG_DEM_IDIOMA,LDI_PK,NORMAL,UNIQUE,VALID,1,DISABLED,LDI_ID,SPE,
LOG_OFT_CUESTIONARIO,LOC_PK,NORMAL,UNIQUE,VALID,1,DISABLED,LOC_ID,SPE,
LOG_OFT_CUESTIONARIO,OFT_LOC_UK,NORMAL,NONUNIQUE,VALID,1,DISABLED,OFT_ID,SPE,
LOG_OFT_ETD_FORMAL,IX_LOEF_FUN_ID,NORMAL,NONUNIQUE,VALID,1,DISABLED,FUN_ID,SPE,
LOG_OFT_ETD_FORMAL,LOF_PK,NORMAL,UNIQUE,VALID,1,DISABLED,LOF_ID,SPE,
LOG_OFT_ETD_FORMAL,OFT_LOF_UK,NORMAL,NONUNIQUE,VALID,1,DISABLED,OFT_ID,SPE,
LOG_OFT_ETD_FORMAL_ALT,FUN_FCHACCION_LFA_IDX,NORMAL,NONUNIQUE,VALID,1,DISABLED,"FUN_ID,LFA_FCH_ACCION",SPE,
LOG_OFT_ETD_FORMAL_ALT,LFA_FCH_ACCION_IDX,NORMAL,NONUNIQUE,VALID,1,DISABLED,LFA_FCH_ACCION,SPE,
LOG_OFT_ETD_FORMAL_ALT,LFA_PK,NORMAL,UNIQUE,VALID,1,DISABLED,LFA_ID,SPE,
LOG_OFT_ETD_FORMAL_ALT,OFT_LFA_UK,NORMAL,NONUNIQUE,VALID,1,DISABLED,OFT_ID,SPE,
LOG_OFT_ETD_NO_FORMAL,IX_LONF_FUN_ID,NORMAL,NONUNIQUE,VALID,1,DISABLED,FUN_ID,SPE,
LOG_OFT_ETD_NO_FORMAL,LON_PK,NORMAL,UNIQUE,VALID,1,DISABLED,LON_ID,SPE,
LOG_OFT_ETD_NO_FORMAL,OFT_LON_UK,NORMAL,NONUNIQUE,VALID,1,DISABLED,OFT_ID,SPE,
LOG_OFT_ETD_NO_FORMAL_ALT,IX_LONFA_FUN_ID,NORMAL,NONUNIQUE,VALID,1,DISABLED,FUN_ID,SPE,
LOG_OFT_ETD_NO_FORMAL_ALT,LNA_PK,NORMAL,UNIQUE,VALID,1,DISABLED,LNA_ID,SPE,
LOG_OFT_ETD_NO_FORMAL_ALT,OFT_LNA_UK,NORMAL,NONUNIQUE,VALID,1,DISABLED,OFT_ID,SPE,
LOG_OFT_EXPERIENCIA,LOE_PK,NORMAL,UNIQUE,VALID,1,DISABLED,LOE_ID,SPE,
LOG_OFT_EXPERIENCIA,LOG_OFT_FUN_ID,NORMAL,NONUNIQUE,VALID,1,DISABLED,FUN_ID,SPE,
LOG_OFT_EXPERIENCIA,OFT_LOE_UK,NORMAL,NONUNIQUE,VALID,1,DISABLED,OFT_ID,SPE,
LOG_OFT_IDIOMA,IX_LOID_FUN_ID,NORMAL,NONUNIQUE,VALID,1,DISABLED,FUN_ID,SPE,
LOG_OFT_IDIOMA,LOI_PK,NORMAL,UNIQUE,VALID,1,DISABLED,LOI_ID,SPE,
LOG_OFT_IDIOMA,OFT_LOI_UK,NORMAL,NONUNIQUE,VALID,1,DISABLED,OFT_ID,SPE,
LOG_REQ_BANIN,LOG_REQ_ID_PK,NORMAL,UNIQUE,VALID,1,DISABLED,LOG_REQ_ID,SPE,
MC_ACCESOS_FASE_1,MC_ACCESOS_FASE_1_PK,NORMAL,UNIQUE,VALID,1,DISABLED,CEDULA,SPE,
MC_ACCION_BANIN,AC_ID_PK,NORMAL,UNIQUE,VALID,1,DISABLED,AC_ID,SPE,
MC_ARCHIVO_ANEXO,MC_ARCHIVO_ANEXO_PK,NORMAL,UNIQUE,VALID,1,DISABLED,ID,SPE,
MC_ASPIRACION,MC_ASPIRACION_PK,NORMAL,UNIQUE,VALID,1,DISABLED,ID,SPE,
MC_ASPIRACION,MC_ASPIRACION_UK_ASPE_ACAID,NORMAL,UNIQUE,VALID,1,DISABLED,"MC_ASPE_ID,MC_NVL_ACA_ID",SPE,
MC_ASPIRANTE,MC_ASPIRANTE_PK,NORMAL,UNIQUE,VALID,1,DISABLED,ID,SPE,
MC_ASPN_ESTAB,MC_ASPN_ESTAB,NORMAL,UNIQUE,VALID,1,DISABLED,ID,SPE,
MC_ASPN_MPO,MC_ASPN_EST_MPO_PK,NORMAL,UNIQUE,VALID,1,DISABLED,ID,SPE,
MC_ASPRNT_EN_FRM,MC_ASPRNT_EN_FRM_PK,NORMAL,UNIQUE,VALID,1,DISABLED,ID,SPE,
MC_BANIN_ASPIRANTE,IX_MBA_DIVUL_FECHA,FUNCTION-BASED NORMAL,NONUNIQUE,VALID,1,DISABLED,"MBA_MBDP_ID,SYS_NC00009$,MBA_ID",SPE,"2: TRUNC(""MBA_FECHA_CREACION"")"
MC_BANIN_ASPIRANTE,IX_MBA_DIVUL_MIGRADO,NORMAL,NONUNIQUE,VALID,1,DISABLED,"MBA_MBDP_ID,MIGRADO_DIVULGACION",SPE,
MC_BANIN_ASPIRANTE,MBA_ID_PK,NORMAL,UNIQUE,VALID,1,DISABLED,MBA_ID,SPE,
MC_BANIN_ASPIRANTE_HIST,MBAH_ID_PK,NORMAL,UNIQUE,VALID,1,DISABLED,MBAH_ID,SPE,
MC_BANIN_CAMBIO_ESTADO_EMAIL,MBCEE_ID_PK,NORMAL,UNIQUE,VALID,1,DISABLED,MBCEE_ID,SPE,
MC_BANIN_COMP_LABORAL,PK_MBCL_ID,NORMAL,UNIQUE,VALID,1,DISABLED,MBCL_ID,SPE,
MC_BANIN_COMP_LABORAL_2022,MBCL_ID_2022_PK,NORMAL,UNIQUE,VALID,1,DISABLED,MBCL_ID,SPE,
MC_BANIN_CONTRATACION,IX_CONTRAT_DIVUL,NORMAL,NONUNIQUE,VALID,1,DISABLED,MCBCT_MBDP_ID,SPE,
MC_BANIN_CONTRATACION,IX_CONTRAT_RUBRO_FECHA,FUNCTION-BASED NORMAL,NONUNIQUE,VALID,1,DISABLED,"MCBCT_MBDP_ID,MCBCT_MBRB_ID,SYS_NC00024$",SPE,"3: TRUNC(""MCBCT_FECHA_REGISTRO"")"
MC_BANIN_CONTRATACION,MCBCT_ID_PK,NORMAL,UNIQUE,VALID,1,DISABLED,MCBCT_ID,SPE,
MC_BANIN_CONTROL_MIGRACION,IDX_BANIN_CONTROL_UNIQUE,NORMAL,UNIQUE,VALID,1,DISABLED,"PROCEDIMIENTO,DIVULGACION_ORIGEN,DIVULGACION_DESTINO",SPE,
MC_BANIN_CONTROL_MIGRACION,SYS_C0047725,NORMAL,UNIQUE,VALID,1,DISABLED,ID,SPE,
MC_BANIN_DEPENDENCIA,MBD_ID_PK,NORMAL,UNIQUE,VALID,1,DISABLED,MBD_ID,SPE,
MC_BANIN_DEPEN_PRESU,IX_DEPEN_DIVUL,NORMAL,NONUNIQUE,VALID,1,DISABLED,MBDPP_MBDP_ID,SPE,
MC_BANIN_DEPEN_PRESU,IX_DEPEN_DIVUL_FECHA,FUNCTION-BASED NORMAL,NONUNIQUE,VALID,1,DISABLED,"MBDPP_MBDP_ID,SYS_NC00012$,MBDPP_ID",SPE,"2: TRUNC(""MBDPP_FECHA_REGISTRO"")"
MC_BANIN_DEPEN_PRESU,MBDPP_ID_PK,NORMAL,UNIQUE,VALID,1,DISABLED,MBDPP_ID,SPE,
MC_BANIN_DEPEN_PRESU,UQ_MC_BANIN_DEPEN_PRESU,NORMAL,UNIQUE,VALID,1,DISABLED,"MBDPP_MBD_ID,MBDPP_MBDP_ID,MBDPP_MBDP_YEAR,MBDPP_MEC_ID",SPE,
MC_BANIN_DIVULGACION_PERFIL,MBDP_ID_PK,NORMAL,UNIQUE,VALID,1,DISABLED,MBDP_ID,SPE,
MC_BANIN_DIVULGACION_PERFIL,UQ_MC_BANIN_DIVUL_PERFIL,NORMAL,UNIQUE,VALID,1,DISABLED,"MBDP_CONVOCATORIA,MBDP_YEAR",SPE,
MC_BANIN_ESTADOS_ASPIRANTE,MBEA_ID_PK,NORMAL,UNIQUE,VALID,1,DISABLED,MBEA_ID,SPE,
MC_BANIN_FORMACION,MBF_ID_PK,NORMAL,UNIQUE,VALID,1,DISABLED,MBF_ID,SPE,
MC_BANIN_MODALIDAD_CONTRA,MBMCT_ID_PK,NORMAL,UNIQUE,VALID,1,DISABLED,MBMCT_ID,SPE,
MC_BANIN_NIVEL_ACADEMICO,MBNA_ID_PK,NORMAL,UNIQUE,VALID,1,DISABLED,MBNA_ID,SPE,
MC_BANIN_NIVEL_EDUCACION,MBNE_ID_PK,NORMAL,UNIQUE,VALID,1,DISABLED,MBNE_ID,SPE,
MC_BANIN_PRESELECCION,IX_PRESEL_MBA,NORMAL,NONUNIQUE,VALID,1,DISABLED,MBA_ID,SPE,
MC_BANIN_PRESELECCION,MBPRE_PK,NORMAL,UNIQUE,VALID,1,DISABLED,MBPRE_ID,SPE,
MC_BANIN_PRESELECCION_HIST,MBPREH_PK,NORMAL,UNIQUE,VALID,1,DISABLED,MBPREH_ID,SPE,
MC_BANIN_PROGRAMA,PK_MBPR_ID,NORMAL,UNIQUE,VALID,1,DISABLED,MBPR_ID,SPE,
MC_BANIN_PROGRAMA,UQ_MBPR_COD_VER,NORMAL,UNIQUE,VALID,1,DISABLED,MBPR_COD_VER,SPE,
MC_BANIN_PROGRAMA_2022,MBPR_ID_2022_PK,NORMAL,UNIQUE,VALID,1,DISABLED,MBPR_ID,SPE,
MC_BANIN_PROGRAMA_COMP_LAB,PK_MBPCL_ID,NORMAL,UNIQUE,VALID,1,DISABLED,MBPCL_ID,SPE,
MC_BANIN_PROGRAMA_COMP_LAB,UQ_FK_ID_MBPCL,NORMAL,UNIQUE,VALID,1,DISABLED,"MBPR_ID,MBCL_ID",SPE,
MC_BANIN_PROG_CENTRO,PK_MBPC_ID,NORMAL,UNIQUE,VALID,1,DISABLED,MBPC_ID,SPE,
MC_BANIN_PROG_CENTRO,UQ_FK_ID_MBPC,NORMAL,UNIQUE,VALID,1,DISABLED,"MC_ESTAB_CONV_ID,MBPR_ID",SPE,
MC_BANIN_PROG_COMP_LAB_2022,MBPCL_ID_2022_PK,NORMAL,UNIQUE,VALID,1,DISABLED,MBPCL_ID,SPE,
MC_BANIN_PROG_DEMANDA,PK_MBPD_ID,NORMAL,UNIQUE,VALID,1,DISABLED,MBPD_ID,SPE,
MC_BANIN_PROG_DEMANDA,UQ_FK_ID_MBPD,NORMAL,UNIQUE,VALID,1,DISABLED,"DEM_ID,MBPR_ID",SPE,
MC_BANIN_PROG_DEMANDA_2022,MBPD_ID_2022_PK,NORMAL,UNIQUE,VALID,1,DISABLED,MBPD_ID,SPE,
MC_BANIN_PUNTAJES,MBPJ_ID_PK,NORMAL,UNIQUE,VALID,1,DISABLED,MBPJ_ID,SPE,
MC_BANIN_PUNTAJE_AUTO_HV,PAHV_ID_PK,NORMAL,UNIQUE,VALID,1,DISABLED,PAHV_ID,SPE,
MC_BANIN_RED,PK_MBR_ID,NORMAL,UNIQUE,VALID,1,DISABLED,MBR_ID,SPE,
MC_BANIN_RED,UQ_MBR_CODIGO,NORMAL,UNIQUE,VALID,1,DISABLED,MBR_CODIGO,SPE,
MC_BANIN_RED_2022,MBR_CODIGO_2022_PK,NORMAL,UNIQUE,VALID,1,DISABLED,MBR_CODIGO,SPE,
MC_BANIN_RED_CENTRO,PK_MBRC_ID,NORMAL,UNIQUE,VALID,1,DISABLED,MBRC_ID,SPE,
MC_BANIN_RED_CENTRO,UQ_FK_ID_MBRC_ID,NORMAL,UNIQUE,VALID,1,DISABLED,"MC_ESTAB_CONV_ID,MBR_ID",SPE,
MC_BANIN_RED_CENTRO_2022,MBRC_ID_PK,NORMAL,UNIQUE,VALID,1,DISABLED,MBRC_ID,SPE,
MC_BANIN_REGIONAL_ESPECIAL,MBRE_ID_PK,NORMAL,UNIQUE,VALID,1,DISABLED,MBRE_ID,SPE,
MC_BANIN_REQ_CAPTURADO,IX_REQ_CAP_MBA,NORMAL,NONUNIQUE,VALID,1,DISABLED,MC_MBA_ID,SPE,
MC_BANIN_REQ_CAPTURADO,MC_BANIN_REQ_CAPTURADO_PK,NORMAL,UNIQUE,VALID,1,DISABLED,ID,SPE,
MC_BANIN_RUBRO,IX_RUBRO_DEPEN_FECHA,FUNCTION-BASED NORMAL,NONUNIQUE,VALID,1,DISABLED,"MBRB_MBDP_ID,MBRB_MBDPP_ID,SYS_NC00009$",SPE,"3: TRUNC(""MBRB_FECHA_REGISTRO"")"
MC_BANIN_RUBRO,IX_RUBRO_DIVUL,NORMAL,NONUNIQUE,VALID,1,DISABLED,MBRB_MBDP_ID,SPE,
MC_BANIN_RUBRO,MBRB_ID_PK,NORMAL,UNIQUE,VALID,1,DISABLED,MBRB_ID,SPE,
MC_BANIN_TIPO_FORMACION,MBTFC_ID_PK,NORMAL,UNIQUE,VALID,1,DISABLED,MBTFC_ID,SPE,
MC_BANIN_TIPO_PUNTAJE,MBTP_CODIGO_PK,NORMAL,UNIQUE,VALID,1,DISABLED,MBTP_CODIGO,SPE,
MC_BANIN_TIPO_TARIFA,MBTT_ID_PK,NORMAL,UNIQUE,VALID,1,DISABLED,MBTT_ID,SPE,
MC_BANIN_TIPO_ZONA_TARIFA,MBTZT_ID_PK,NORMAL,UNIQUE,VALID,1,DISABLED,MBTZT_ID,SPE,
MC_CONVOCATORIA,MC_CONVOCATORIA_PK,NORMAL,UNIQUE,VALID,1,DISABLED,ID,SPE,
MC_ESTAB_CNVCTRIA,MC_ESTAB_CNVCTRIA_PK,NORMAL,UNIQUE,VALID,1,DISABLED,ID,SPE,
MC_ESTADO_ASPRCN,MC_ESTADO_ASPIRACION_PK,NORMAL,UNIQUE,VALID,1,DISABLED,ID,SPE,
MC_ESTADO_ASPRCN,MC_ESTADO_ASPIRACION_UK_NOMBRE,NORMAL,UNIQUE,VALID,1,DISABLED,NOMBRE,SPE,
MC_ESTADO_PRES,MC_ESTADO_PRES_PK,NORMAL,UNIQUE,VALID,1,DISABLED,MC_EST_PRE_ID,SPE,
MC_JORNADA,MC_JORNADA_PK,NORMAL,UNIQUE,VALID,1,DISABLED,ID,SPE,
MC_MCPIO_CNVCTRIA,MC_MUNICIPIO_CONVOCATORIA_PK,NORMAL,UNIQUE,VALID,1,DISABLED,ID,SPE,
MC_NBC,MC_NBC_PK,NORMAL,UNIQUE,VALID,1,DISABLED,ID,SPE,
MC_NBC_TIT,MC_NBC_TIT_PK,NORMAL,UNIQUE,VALID,1,DISABLED,ID,SPE,
MC_NVL_ACA,MC_NVL_ACA_PK,NORMAL,UNIQUE,VALID,1,DISABLED,ID,SPE,
MC_NVL_ACA_NBC,MC_NVL_ACA_NBC_PK,NORMAL,UNIQUE,VALID,1,DISABLED,ID,SPE,
MC_PERFIL,MC_PERFIL_PK,NORMAL,UNIQUE,VALID,1,DISABLED,ID,SPE,
MC_PRESELECCION,MC_PRESELECCION_PK,NORMAL,UNIQUE,VALID,1,DISABLED,MC_PRE_ID,SPE,
MC_REQ_CAPTURADO,MC_REQUISITO_CAPTURADO_PK,NORMAL,UNIQUE,VALID,1,DISABLED,ID,SPE,
MC_TIPO_NIV_FORMACION,PK_MTNF_ID,NORMAL,UNIQUE,VALID,1,DISABLED,MTNF_ID,SPE,
MC_TIPO_NIV_FORMACION,UQ_MTNF_NOMBRE,NORMAL,UNIQUE,VALID,1,DISABLED,MTNF_NOMBRE,SPE,
MC_TIPO_NVL_ACA,MC_TIPO_NVL_ACA_PK,NORMAL,UNIQUE,VALID,1,DISABLED,ID,SPE,
MC_TIPO_NVL_ACA,MC_TIPO_NVL_ACA_UK_NOMBRE,NORMAL,UNIQUE,VALID,1,DISABLED,NOMBRE,SPE,
MC_TIPO_REQUISITO,MC_TIPO_REQUISITO_PK,NORMAL,UNIQUE,VALID,1,DISABLED,ID,SPE,
MC_TITULACION,MC_TITULACION_PK,NORMAL,UNIQUE,VALID,1,DISABLED,ID,SPE,
MED_BUSQUEDA_EMPLEO,MBE_PK,NORMAL,UNIQUE,VALID,1,DISABLED,MBE_ID,SPE,
META_TABLA,MTT_PK,NORMAL,UNIQUE,VALID,1,DISABLED,MTT_ID,SPE,
METODOLOGIA,MET_PK,NORMAL,UNIQUE,VALID,1,DISABLED,MET_ID,SPE,
MINTRABAJO_PUNTO,MINTRABAJO_PUNTO_PK,NORMAL,UNIQUE,VALID,1,DISABLED,REG_ID,SPE,
MINTRABAJO_SUELDO,MINS_PK,NORMAL,UNIQUE,VALID,1,DISABLED,SUE_ID,SPE,
MINTRABAJO_TIPO_DOC,MINT_PK,NORMAL,UNIQUE,VALID,1,DISABLED,TDI_ID,SPE,
MODALIDAD,MOD_PK,NORMAL,UNIQUE,VALID,1,DISABLED,MOD_ID,SPE,
MUNICIPIO,DPT_MPO_UK,NORMAL,NONUNIQUE,VALID,1,DISABLED,DPT_ID,SPE,
MUNICIPIO,MPO_NOMBRE_TEXT_IDX,DOMAIN,NONUNIQUE,VALID,1,DISABLED,MPO_NOMBRE,SPE,
MUNICIPIO,MPO_PK,NORMAL,UNIQUE,VALID,1,DISABLED,MPO_ID,SPE,
NIVEL_ACADEMICO,NIA_ORDEN_UK,NORMAL,UNIQUE,VALID,1,DISABLED,NIA_ORDEN,SPE,
NIVEL_ACADEMICO,NIA_PK,NORMAL,UNIQUE,VALID,1,DISABLED,NIA_ID,SPE,
NIVEL_CUALIFICACION,NIC_PK,NORMAL,UNIQUE,VALID,1,DISABLED,NIC_ID,SPE,
NIVEL_CUALIFICACION_NUM,NIM_PK,NORMAL,UNIQUE,VALID,1,DISABLED,NIM_ID,SPE,
NIVEL_ESCOLAR,NIV_PK,NORMAL,UNIQUE,VALID,1,DISABLED,NIV_ID,SPE,
OCUPACION,IDX$$_222F10003,NORMAL,NONUNIQUE,VALID,1,DISABLED,CAO_ID,SPE,
OCUPACION,OCU_PK,NORMAL,UNIQUE,VALID,1,DISABLED,OCU_ID,SPE,
OCUPACION_RELACIONADA,PK_ORE_ID,NORMAL,UNIQUE,VALID,1,DISABLED,ORE_ID,SPE,
OCUPACION_RELACIONADA,UQ_FK_OCU_BASE_RELA,NORMAL,UNIQUE,VALID,1,DISABLED,"OCU_ID_BASE,OCU_ID_RELACIONADA",SPE,
OFERTA,KD_0004,NORMAL,NONUNIQUE,VALID,1,DISABLED,"OFT_NOMBRES,OFT_PRIMER_APELLIDO,OFT_ID,OFT_IDENTIFICACION",SPE,
OFERTA,OFERTA_BAR_ID,NORMAL,NONUNIQUE,VALID,1,DISABLED,BAR_ID,SPE,
OFERTA,OFERTA_CORREO,NORMAL,NONUNIQUE,VALID,1,DISABLED,OFT_CORREO_E,SPE,
OFERTA,OFERTA_CORREO_CTX,DOMAIN,NONUNIQUE,VALID,1,DISABLED,OFT_CORREO_E,SPE,
OFERTA,OFERTA_CSPE,NORMAL,NONUNIQUE,VALID,1,DISABLED,CSPE_ID,SPE,
OFERTA,OFERTA_CSPE_ID_ACTUALIZA,NORMAL,NONUNIQUE,VALID,1,DISABLED,CSPE_ID_ACTUALIZA,SPE,
OFERTA,OFERTA_DPT_ID,NORMAL,NONUNIQUE,VALID,1,DISABLED,DPT_ID,SPE,
OFERTA,OFERTA_ESC_ID,NORMAL,NONUNIQUE,VALID,1,DISABLED,ESC_ID,SPE,
OFERTA,OFERTA_ETR_ID,NORMAL,NONUNIQUE,VALID,1,DISABLED,ETR_ID,SPE,
OFERTA,OFERTA_FUN_ID,NORMAL,NONUNIQUE,VALID,1,DISABLED,FUN_ID,SPE,
OFERTA,OFERTA_FUN_ID_ACTUALIZA,NORMAL,NONUNIQUE,VALID,1,DISABLED,FUN_ID_ACTUALIZA,SPE,
OFERTA,OFERTA_IND_TEL,NORMAL,NONUNIQUE,VALID,1,DISABLED,OFT_IND_TEL,SPE,
OFERTA,OFERTA_MPO_ID,NORMAL,NONUNIQUE,VALID,1,DISABLED,MPO_ID,SPE,
OFERTA,OFERTA_OFT_IDENTIFICACION_MPO,NORMAL,NONUNIQUE,VALID,1,DISABLED,OFT_IDENTIFICACION_MPO,SPE,
OFERTA,OFERTA_OFT_NACIMIENTO_MPO,NORMAL,NONUNIQUE,VALID,1,DISABLED,OFT_NACIMIENTO_MPO,SPE,
OFERTA,OFERTA_OFT_SISBEN_MPO,NORMAL,NONUNIQUE,VALID,1,DISABLED,OFT_SISBEN_MPO,SPE,
OFERTA,OFERTA_PAI_ID,NORMAL,NONUNIQUE,VALID,1,DISABLED,PAI_ID,SPE,
OFERTA,OFERTA_PSF_ID,NORMAL,NONUNIQUE,VALID,1,DISABLED,PSF_ID,SPE,
OFERTA,OFERTA_REG_ID,NORMAL,NONUNIQUE,VALID,1,DISABLED,REG_ID,SPE,
OFERTA,OFERTA_TDI_ID,NORMAL,NONUNIQUE,VALID,1,DISABLED,TDI_ID,SPE,
OFERTA,OFERTA_TEL,NORMAL,NONUNIQUE,VALID,1,DISABLED,OFT_TEL,SPE,
OFERTA,OFERTA_ZON_ID,NORMAL,NONUNIQUE,VALID,1,DISABLED,ZON_ID,SPE,
OFERTA,OFT_IDENTIFICACION_UK,NORMAL,UNIQUE,VALID,1,DISABLED,OFT_IDENTIFICACION,SPE,
OFERTA,OFT_MED_INSCRIPCION_IDX,NORMAL,NONUNIQUE,VALID,1,DISABLED,OFT_MED_INSCRIPCION,SPE,
OFERTA,OFT_NOM_APE_FB,FUNCTION-BASED NORMAL,NONUNIQUE,VALID,1,DISABLED,"SYS_NC00058$,SYS_NC00059$,SYS_NC00060$",SPE,"1: UPPER(""OFT_NOMBRES""); 2: UPPER(""OFT_PRIMER_APELLIDO""); 3: UPPER(""OFT_SEGUNDO_APELLIDO"")"
OFERTA,OFT_PK,NORMAL,UNIQUE,VALID,1,DISABLED,OFT_ID,SPE,
OFERTA_ANULADA,AOF_PK,NORMAL,UNIQUE,VALID,1,DISABLED,OFT_ID,SPE,
OFERTA_CURSO,OFERTA_CURSO_PK,NORMAL,UNIQUE,VALID,1,DISABLED,OCS_ID,SPE,
OFERTA_SOFIA,OFERTA_SOFIA_PK,NORMAL,UNIQUE,VALID,1,DISABLED,OFT_ID,SPE,
OFTXMBE,OFTXMBE_UK,NORMAL,UNIQUE,VALID,1,DISABLED,"MBE_ID,OFT_ID",SPE,
OFTXMBE,OFT_OMB_UK,NORMAL,NONUNIQUE,VALID,1,DISABLED,OFT_ID,SPE,
OFTXMBE,OMB_PK,NORMAL,UNIQUE,VALID,1,DISABLED,OMB_ID,SPE,
OFTXPES,IX_OPE_FUN_ID,NORMAL,NONUNIQUE,VALID,1,DISABLED,FUN_ID,SPE,
OFTXPES,OFTXPES_PES,NORMAL,NONUNIQUE,VALID,1,DISABLED,PES_ID,SPE,
OFTXPES,OFTXPES_UK,NORMAL,UNIQUE,VALID,1,DISABLED,"OFT_ID,PES_ID",SPE,
OFTXPES,OPE_PK,NORMAL,UNIQUE,VALID,1,DISABLED,OPE_ID,SPE,
OFT_COMP_LABORAL,IDX_OFT_COMP_LAB_ID_CPL,NORMAL,NONUNIQUE,VALID,1,DISABLED,"OFT_ID,CPL_ID",SPE,
OFT_COMP_LABORAL,OCL_PK,NORMAL,UNIQUE,VALID,1,DISABLED,OCL_ID,SPE,
OFT_CORREO_DEM,KD_INX_OCD_FCH_REGISTRO,NORMAL,NONUNIQUE,VALID,1,DISABLED,OCD_FCH_REGISTRO,SPE,
OFT_CORREO_DEM,OFT_OED_DEM_UK_UC,NORMAL,UNIQUE,VALID,1,DISABLED,"OFT_ID,DEM_ID",SPE,
OFT_CTL_CONSULTA_CUR,OCC_PK,NORMAL,UNIQUE,VALID,1,DISABLED,OCC_ID,SPE,
OFT_CTL_CONSULTA_CUR,OFT_OCC_CUR_UK,NORMAL,UNIQUE,VALID,1,DISABLED,"OFT_ID,CUR_ID",SPE,
OFT_CTL_CONSULTA_DEM,OCD_PK,NORMAL,UNIQUE,VALID,1,DISABLED,OCD_ID,SPE,
OFT_CTL_CONSULTA_DEM,OFT_OCD_DEM_UK,FUNCTION-BASED NORMAL,UNIQUE,VALID,1,DISABLED,"OFT_ID,DEM_ID,SYS_NC00007$",SPE,"3: TRUNC(""OCD_FCH_CONSULTA"")"
OFT_CTL_CONSULTA_DEM,OFT_OCD_DEM_UK_UC,NORMAL,UNIQUE,VALID,1,DISABLED,"OFT_ID,DEM_ID,OCD_FCH_CONSULTA",SPE,
OFT_ESTUDIOS,SYS_C0024052,NORMAL,UNIQUE,VALID,1,DISABLED,OES_ID,SPE,
OFT_ETD_FORMAL,IDX_OFT_ETD_FORM_ID_FCH,FUNCTION-BASED NORMAL,NONUNIQUE,VALID,1,DISABLED,"OFT_ID,SYS_NC00014$",SPE,"2: ""OEF_FCH_FIN"""
OFT_ETD_FORMAL,IX_OEF_FUN_ID,NORMAL,NONUNIQUE,VALID,1,DISABLED,FUN_ID,SPE,
OFT_ETD_FORMAL,OEF_PK,NORMAL,UNIQUE,VALID,1,DISABLED,OEF_ID,SPE,
OFT_ETD_FORMAL,OFT_ETF_UK,NORMAL,UNIQUE,VALID,1,DISABLED,"OFT_ID,ETF_ID",SPE,
OFT_ETD_FORMAL_ALT,IX_OEFA_FUN_ID,NORMAL,NONUNIQUE,VALID,1,DISABLED,FUN_ID,SPE,
OFT_ETD_FORMAL_ALT,OFA_PK,NORMAL,UNIQUE,VALID,1,DISABLED,OFA_ID,SPE,
OFT_ETD_FORMAL_ALT,OFT_OFA_UK,NORMAL,NONUNIQUE,VALID,1,DISABLED,OFT_ID,SPE,
OFT_ETD_NO_FORMAL,IDX_OFT_ETD_NO_FORM_ID_ENF,NORMAL,NONUNIQUE,VALID,1,DISABLED,"OFT_ID,ENF_ID",SPE,
OFT_ETD_NO_FORMAL,IX_ONF_FUN_ID,NORMAL,NONUNIQUE,VALID,1,DISABLED,FUN_ID,SPE,
OFT_ETD_NO_FORMAL,OFT_ONF_UK,NORMAL,NONUNIQUE,VALID,1,DISABLED,OFT_ID,SPE,
OFT_ETD_NO_FORMAL,ONF_PK,NORMAL,UNIQUE,VALID,1,DISABLED,ONF_ID,SPE,
OFT_ETD_NO_FORMAL_ALT,IX_ONFA_FUN_ID,NORMAL,NONUNIQUE,VALID,1,DISABLED,FUN_ID,SPE,
OFT_ETD_NO_FORMAL_ALT,OFT_ONA_UK,NORMAL,NONUNIQUE,VALID,1,DISABLED,OFT_ID,SPE,
OFT_ETD_NO_FORMAL_ALT,ONA_PK,NORMAL,UNIQUE,VALID,1,DISABLED,ONA_ID,SPE,
OFT_EXPERIENCIA,IDX_OFT_EXP_ID_FCH_FIN,NORMAL,NONUNIQUE,VALID,1,DISABLED,"OFT_ID,OEX_FCH_FIN",SPE,
OFT_EXPERIENCIA,IX_OEX_FUN_ID,NORMAL,NONUNIQUE,VALID,1,DISABLED,FUN_ID,SPE,
OFT_EXPERIENCIA,OEX_FUNCIONES_TEXT_IDX,DOMAIN,NONUNIQUE,VALID,1,DISABLED,OEX_FUNCIONES_ALT,SPE,
OFT_EXPERIENCIA,OEX_PK,NORMAL,UNIQUE,VALID,1,DISABLED,OEX_ID,SPE,
OFT_EXPERIENCIA,OFT_EXPERIENCIA_INDEX1,BITMAP,NONUNIQUE,VALID,1,DISABLED,IND_ID,SPE,
OFT_EXPERIENCIA,OFT_OEX_UK,NORMAL,NONUNIQUE,VALID,1,DISABLED,OFT_ID,SPE,
OFT_IDIOMA,IX_OID_FUN_ID,NORMAL,NONUNIQUE,VALID,1,DISABLED,FUN_ID,SPE,
OFT_IDIOMA,OFTXIDM_UK,NORMAL,UNIQUE,VALID,1,DISABLED,"OFT_ID,IDM_ID",SPE,
OFT_IDIOMA,OID_PK,NORMAL,UNIQUE,VALID,1,DISABLED,OID_ID,SPE,
OFT_INTERES_FORMACION,OIF_PK,NORMAL,UNIQUE,VALID,1,DISABLED,OIF_ID,SPE,
OFT_LICENCIA,OFTXLIC_UK,NORMAL,UNIQUE,VALID,1,DISABLED,"OFT_ID,LIC_ID",SPE,
OFT_LICENCIA,OLI_PK,NORMAL,UNIQUE,VALID,1,DISABLED,OLI_ID,SPE,
OFT_MIGRACION,OFT_MIGRACION_PK,NORMAL,UNIQUE,VALID,1,DISABLED,OFT_ID,SPE,
OFT_NOTAS_PERFIL,ONP_DESCRIPCION_TEXT_IDX,DOMAIN,NONUNIQUE,VALID,1,DISABLED,ONP_DESCRIPCION,SPE,
OFT_NOTAS_PERFIL,ONP_PK,NORMAL,UNIQUE,VALID,1,DISABLED,OFT_ID,SPE,
OFT_ORIENTACION,OOR_PK,NORMAL,UNIQUE,VALID,1,DISABLED,OOR_ID,SPE,
OFT_ORIENTACION,OTF_OOR_UK,NORMAL,NONUNIQUE,VALID,1,DISABLED,OFT_ID,SPE,
OFT_PASANTIA,OFT_OPA_UK,NORMAL,NONUNIQUE,VALID,1,DISABLED,OFT_ID,SPE,
OFT_PASANTIA,OPA_FUNCIONES_TEXT_IDX,DOMAIN,NONUNIQUE,VALID,1,DISABLED,OPA_FUNCIONES_ALT,SPE,
OFT_PASANTIA,OPA_PK,NORMAL,UNIQUE,VALID,1,DISABLED,OPA_ID,SPE,
OFT_PREFERENCIA_OCUP,CSPE_ID_IDX,NORMAL,NONUNIQUE,VALID,1,DISABLED,CSPE_ID,SPE,
OFT_PREFERENCIA_OCUP,IDX_OFT_PREF_OCUP_ID_FCH,FUNCTION-BASED NORMAL,NONUNIQUE,VALID,1,DISABLED,"OFT_ID,SYS_NC00008$",SPE,"2: ""OPO_FCH_REGISTRO"""
OFT_PREFERENCIA_OCUP,IX_OPO_FUN_ID,NORMAL,NONUNIQUE,VALID,1,DISABLED,FUN_ID,SPE,
OFT_PREFERENCIA_OCUP,KD_OFT_PREFERENCIA_OCUP,NORMAL,NONUNIQUE,VALID,1,DISABLED,"OFT_ID,CSPE_ID,OPO_PRIORIDAD,IND_ID",SPE,
OFT_PREFERENCIA_OCUP,OFT_FT_IND_FCH,NORMAL,NONUNIQUE,VALID,1,DISABLED,OPO_FCH_REGISTRO,SPE,
OFT_PREFERENCIA_OCUP,OFT_FT_IND_UK,NORMAL,NONUNIQUE,VALID,1,DISABLED,"OFT_ID,IND_ID",SPE,
OFT_PREFERENCIA_OCUP,OFT_IND_PRE_UK_UC,NORMAL,UNIQUE,VALID,1,DISABLED,"OFT_ID,IND_ID,OPO_PRIORIDAD",SPE,
OFT_PREFERENCIA_OCUP,OFT_PREFERENCIA_OCUP_INDEX1,BITMAP,NONUNIQUE,VALID,1,DISABLED,IND_ID,SPE,
OFT_PREFERENCIA_OCUP,OFT_PREFERENCIA_OCUP_INDEX2,NORMAL,NONUNIQUE,VALID,1,DISABLED,OFT_ID,SPE,
OFT_PREFERENCIA_OCUP,OPO_PK,NORMAL,UNIQUE,VALID,1,DISABLED,OPO_ID,SPE,
OFT_PREFERENCIA_OCUP,OPO_PRIORIDAD_IDX,NORMAL,NONUNIQUE,VALID,1,DISABLED,OPO_PRIORIDAD,SPE,
OFT_TALLER,OFTXETA_UK,NORMAL,UNIQUE,VALID,1,DISABLED,"ETA_ID,OFT_ID",SPE,
OFT_TALLER,OFT_OTA_UK,NORMAL,NONUNIQUE,VALID,1,DISABLED,OFT_ID,SPE,
OFT_TALLER,OTA_PK,NORMAL,UNIQUE,VALID,1,DISABLED,OTA_ID,SPE,
OFT_VEHICULO,OFTXVEH_UK,NORMAL,UNIQUE,VALID,1,DISABLED,"OFT_ID,VEH_ID",SPE,
OFT_VEHICULO,OFT_OVH_UK,NORMAL,NONUNIQUE,VALID,1,DISABLED,OFT_ID,SPE,
OFT_VEHICULO,OVH_PK,NORMAL,UNIQUE,VALID,1,DISABLED,OVH_ID,SPE,
ORIENTACION_PROFESIONAL,ORI_PK,NORMAL,UNIQUE,VALID,1,DISABLED,ORI_ID,SPE,
ORIGEN,ORG_PK,NORMAL,UNIQUE,VALID,1,DISABLED,ORG_ID,SPE,
PAIS,PAI_PK,NORMAL,UNIQUE,VALID,1,DISABLED,PAI_ID,SPE,
PARAMETRO,PAR_PK,NORMAL,UNIQUE,VALID,1,DISABLED,PAR_ID,SPE,
PARAMETROS,PARS_PK,NORMAL,UNIQUE,VALID,1,DISABLED,PAR_ID,SPE,
PASANTIAXFUNCION,OPA_PAF_UK,NORMAL,NONUNIQUE,VALID,1,DISABLED,OPA_ID,SPE,
PASANTIAXFUNCION,PAF_UK_UC,NORMAL,UNIQUE,VALID,1,DISABLED,"FNC_ID,OPA_ID",SPE,
PASANTIAXFUNCION,PAK_PK,NORMAL,UNIQUE,VALID,1,DISABLED,PAF_ID,SPE,
PERSONAL_DE_CONVENIO,PDC_ID_PK,NORMAL,UNIQUE,VALID,1,DISABLED,PDC_ID,SPE,
PESXCSPE,PECSPE_PK,NORMAL,UNIQUE,VALID,1,DISABLED,PECSPE_ID,SPE,
PESXCSPE,PESXCSPE_UK,NORMAL,UNIQUE,VALID,1,DISABLED,"PES_ID,CSPE_ID",SPE,
PESXREG,PER_PK,NORMAL,UNIQUE,VALID,1,DISABLED,PER_ID,SPE,
PESXREG,PESXREG_UK,NORMAL,UNIQUE,VALID,1,DISABLED,"PES_ID,REG_ID",SPE,
PLANILLA_TALLER,CSPE_PLN_FCH,NORMAL,NONUNIQUE,VALID,1,DISABLED,PLT_FCH_REGISTRO,SPE,
PLANILLA_TALLER,CSPE_PLT_UK,NORMAL,NONUNIQUE,VALID,1,DISABLED,CSPE_ID,SPE,
PLANILLA_TALLER,GUT_PLT_UK,NORMAL,NONUNIQUE,VALID,1,DISABLED,GUT_ID,SPE,
PLANILLA_TALLER,INX_PLT_KD_0004,NORMAL,NONUNIQUE,VALID,1,DISABLED,"FUN_REGISTRO,GUT_ID,PLT_ID",SPE,
PLANILLA_TALLER,PLT_PK,NORMAL,UNIQUE,VALID,1,DISABLED,PLT_ID,SPE,
PLTXPES,PLTXPES_UK,NORMAL,UNIQUE,VALID,1,DISABLED,"PLT_ID,PES_ID",SPE,
PLTXPES,PPE_PK,NORMAL,UNIQUE,VALID,1,DISABLED,PPE_ID,SPE,
POSICION_FAMILIAR,PSF_PK,NORMAL,UNIQUE,VALID,1,DISABLED,PSF_ID,SPE,
PROGRAMA_ESPECIAL,PES_PK,NORMAL,UNIQUE,VALID,1,DISABLED,PES_ID,SPE,
RANGO_SALARIAL,RANGO_SALARIAL_PK,NORMAL,UNIQUE,VALID,1,DISABLED,RSA_ID,SPE,
REGIONAL,REG_PK,NORMAL,UNIQUE,VALID,1,DISABLED,REG_ID,SPE,
REGISTRADURIA_CARGA,REGC_PK,NORMAL,UNIQUE,VALID,1,DISABLED,REGC_ID,SPE,
REGISTRADURIA_DPTO,REGD_PK,NORMAL,UNIQUE,VALID,1,DISABLED,DPT_ID,SPE,
REMISION_CARGUE_HIDROCARBUROS,IX_RCH_FUN_ID,NORMAL,NONUNIQUE,VALID,1,DISABLED,FUN_ID,SPE,
REMISION_CARGUE_HIDROCARBUROS,PK_RCH_ID,NORMAL,UNIQUE,VALID,1,DISABLED,RCH_ID,SPE,
REMISION_HIDROCARBUROS,PK_RHI_ID,NORMAL,UNIQUE,VALID,1,DISABLED,RHI_ID,SPE,
REPORTE,REP_ROL_UK,NORMAL,UNIQUE,VALID,1,DISABLED,"REP_ID,ROL_ID,REP_TIPO",SPE,
REPORTES_XML,UQ_REP_XML_CODIGO,NORMAL,UNIQUE,VALID,1,DISABLED,REP_XML_CODIGO,SPE,
REPORTE_SEG,RSG_ID_PK,NORMAL,UNIQUE,VALID,1,DISABLED,RSG_ID,SPE,
RESULTADO_VALIDACION_SEL_FINAL,IDX_RVS_ENV,NORMAL,NONUNIQUE,VALID,1,DISABLED,ENV_ID,SPE,
RESULTADO_VALIDACION_SEL_FINAL,IDX_RVS_LOTE,NORMAL,NONUNIQUE,VALID,1,DISABLED,TVS_LOTE_ID,SPE,
RESULTADO_VALIDACION_SEL_FINAL,PK_RES_VAL_SEL_FINAL,NORMAL,UNIQUE,VALID,1,DISABLED,RVS_ID,SPE,
ROL,ROL_PK,NORMAL,UNIQUE,VALID,1,DISABLED,ROL_ID,SPE,
ROLXGRUPO_MT,ROL_GMT_UK,NORMAL,UNIQUE,VALID,1,DISABLED,"ROL_ID,GMT_ID",SPE,
RUV,IND_RUV,NORMAL,NONUNIQUE,VALID,1,DISABLED,"TIPO_IDENTIFICACION,IDENTIFICACION",SPE,
RUV_CARGA,RUV_CARGA_PK,NORMAL,UNIQUE,VALID,1,DISABLED,RUC_ID,SPE,
SECCION_CIIU,SCC_PK,NORMAL,UNIQUE,VALID,1,DISABLED,SCC_ID,SPE,
SEC_JASPERTOKEN,SYS_C0024055,NORMAL,UNIQUE,VALID,1,DISABLED,USU_ID,SPE,
SEC_MENU,SYS_C0024202,NORMAL,UNIQUE,VALID,1,DISABLED,MEN_ID,SPE,
SEC_MENU_RECURSO,SYS_C0024059,NORMAL,UNIQUE,VALID,1,DISABLED,SMR_ID,SPE,
SEC_RECURSO,SYS_C0023852,NORMAL,UNIQUE,VALID,1,DISABLED,REC_ID,SPE,
SEC_RECURSO_ROL,SYS_C0023853,NORMAL,UNIQUE,VALID,1,DISABLED,RRE_ID,SPE,
SEC_ROL,SYS_C0023851,NORMAL,UNIQUE,VALID,1,DISABLED,ROL_ID,SPE,
SEC_USUARIO,SUS_NUM_IDENTIFICACION,NORMAL,NONUNIQUE,VALID,1,DISABLED,USU_NUMERO_DOC,SPE,
SEC_USUARIO,SYS_C0024054,NORMAL,UNIQUE,VALID,1,DISABLED,USU_ID,SPE,
SEC_USUARIO_ROL,IDX_SEC_USUARIO_ROL_USU_ROL,NORMAL,NONUNIQUE,VALID,1,DISABLED,"USU_ID,ROL_ID",SPE,
SEC_USU_EVENT,SUEV_PK,NORMAL,UNIQUE,VALID,1,DISABLED,SUEV_ID,SPE,
SITUACION_OCUPACIONAL,SIO_PK,NORMAL,UNIQUE,VALID,1,DISABLED,SIO_ID,SPE,
SMS_CAMPANA,SC_PK,NORMAL,UNIQUE,VALID,1,DISABLED,SC_ID,SPE,
SMS_CAMPANA_DETALLE,SCD_PK,NORMAL,UNIQUE,VALID,1,DISABLED,SCD_ID,SPE,
SOF_CAP_NOVEDAD,SYS_C0023950,NORMAL,UNIQUE,VALID,1,DISABLED,SCN_ID,SPE,
SOF_OFERTA_INSCRIPCION,SYS_C0023720,NORMAL,UNIQUE,VALID,1,DISABLED,OFT_ID,SPE,
SOF_OFERTA_INSCRIPCION_FICHA,SYS_C0023769,NORMAL,UNIQUE,VALID,1,DISABLED,SOIF_ID,SPE,
SOF_TIPO_FORMACION,SOF_TIPO_FORMACION_PK,NORMAL,UNIQUE,VALID,1,DISABLED,STF_ID,SPE,
SOF_TIPO_OFERTA,SOF_TIPO_OFERTA_PK,NORMAL,UNIQUE,VALID,1,DISABLED,STO_ID,SPE,
SOF_TIPO_PROGRAMA,SOF_TIPO_PROGRAMA_PK,NORMAL,UNIQUE,VALID,1,DISABLED,NFS_ID,SPE,
SOLICITUDES_BUSQUEDA,SB_DPT_TEXT_IDX,DOMAIN,NONUNIQUE,VALID,1,DISABLED,SB_DPT_NOMBRE,SPE,
SOLICITUDES_BUSQUEDA,SB_INDICE_TEXT_IDX,DOMAIN,NONUNIQUE,VALID,1,DISABLED,SB_IND_NOMBRE,SPE,
SOLICITUDES_BUSQUEDA,SB_MPO_TEXT_IDX,DOMAIN,NONUNIQUE,VALID,1,DISABLED,SB_MPO_NOMBRE,SPE,
SOLICITUDES_BUSQUEDA_PORTAL,SBP_COINCI_BUSQ_TEXT_IDX,DOMAIN,NONUNIQUE,VALID,1,DISABLED,SBP_COINCIDENCIA_BUSQ,SPE,
SPE_RUV_TMP,SPE_RUV_TMP_INDEX1,NORMAL,NONUNIQUE,VALID,1,DISABLED,TIPO_DOCUMENTO,SPE,
SPE_RUV_TMP,SPE_RUV_TMP_INDEX2,NORMAL,NONUNIQUE,VALID,1,DISABLED,NUMERO_DOCUMENTO,SPE,
SPE_RUV_TMP,SPE_RUV_TMP_INDEX3,NORMAL,NONUNIQUE,VALID,1,DISABLED,HECHO_VICTIMIZANTE,SPE,
SPE_RUV_TMP,SPE_RUV_TMP_INDEX4,NORMAL,NONUNIQUE,VALID,1,DISABLED,FECHA_VALORACION,SPE,
SPE_RUV_TMP,SPE_RUV_TMP_INDEX5,NORMAL,NONUNIQUE,VALID,1,DISABLED,FECHA_CARGA,SPE,
SUELDO,SUE_PK,NORMAL,UNIQUE,VALID,1,DISABLED,SUE_ID,SPE,
SYS_ARCHIVO,SYS_ARCHIVO_AUTOR,NORMAL,NONUNIQUE,VALID,1,DISABLED,SAR_AUTOR,SPE,
SYS_ARCHIVO,SYS_ARCHIVO_PK,NORMAL,UNIQUE,VALID,1,DISABLED,SAR_ID,SPE,
SYS_ARCHIVO_DESCARGA,SYS_ARCHIVO_DESCARGA_PK,NORMAL,UNIQUE,VALID,1,DISABLED,SAD_ID,SPE,
SYS_ARCHIVO_DESCARGA,SYS_ARCHIVO_DESCARGA_SAR_ID,NORMAL,NONUNIQUE,VALID,1,DISABLED,SAR_ID,SPE,
SYS_ARCHIVO_DESCARGA,SYS_ARCHIVO_DESCARGA_USUARIO,NORMAL,NONUNIQUE,VALID,1,DISABLED,SAD_USUARIO,SPE,
SYS_ARCHIVO_PERMISO,SYS_ARCHIVO_PERMISO_PK,NORMAL,UNIQUE,VALID,1,DISABLED,SAP_ID,SPE,
TALLER,TALLER_PK,NORMAL,UNIQUE,VALID,1,DISABLED,TAL_ID,SPE,
TAMANIO_REGIONAL,TAMANIO_REGIONAL_PK,NORMAL,UNIQUE,VALID,1,DISABLED,TAR_ID,SPE,
TEMA_CAPACITACION,TCA_PK,NORMAL,UNIQUE,VALID,1,DISABLED,TCA_ID,SPE,
TEMA_CAPACITACION_OFERENTE,TCOF_PK,NORMAL,UNIQUE,VALID,1,DISABLED,TCOF_ID,SPE,
TIPO_CARACTERIZACION,TCT_PK,NORMAL,UNIQUE,VALID,1,DISABLED,TCT_ID,SPE,
TIPO_CONTRATO,TCO_PK,NORMAL,UNIQUE,VALID,1,DISABLED,TCO_ID,SPE,
TIPO_CORREO,TIC_ID,NORMAL,NONUNIQUE,VALID,1,DISABLED,TIC_ID,SPE,
TIPO_CSPE,TICSPE_PK,NORMAL,UNIQUE,VALID,1,DISABLED,TICSPE_ID,SPE,
TIPO_DOC_IDENT,TDI_PK,NORMAL,UNIQUE,VALID,1,DISABLED,TDI_ID,SPE,
TIPO_EMPRESA,TEM_PK,NORMAL,UNIQUE,VALID,1,DISABLED,TEM_ID,SPE,
TIPO_ESTUDIO,TIE_PK,NORMAL,UNIQUE,VALID,1,DISABLED,TIE_ID,SPE,
TIPO_EVENTO,TEV_PK,NORMAL,UNIQUE,VALID,1,DISABLED,TEV_ID,SPE,
TIPO_EVENTO_APE,TIPO_EVENTO_APE_PK,NORMAL,UNIQUE,VALID,1,DISABLED,TEA_ID,SPE,
TIPO_ORIENTACION,TORI_PK,NORMAL,UNIQUE,VALID,1,DISABLED,TORI_ID,SPE,
TIPO_ORIENTACION_DET,TIPO_ORIENTACION_DET_PK,NORMAL,UNIQUE,VALID,1,DISABLED,TORID_ID,SPE,
TIPO_ORIENTACION_EMIENTO,TIPO_ORIENTACION_EMIENTO_PK,NORMAL,UNIQUE,VALID,1,DISABLED,TOE_ID,SPE,
TIPO_PES,TIPES_PK,NORMAL,UNIQUE,VALID,1,DISABLED,TIPES_ID,SPE,
TIPO_SUELDO,TSU_PK,NORMAL,UNIQUE,VALID,1,DISABLED,TSU_ID,SPE,
TITULO,TIT_NIO_UK,NORMAL,UNIQUE,VALID,1,DISABLED,"TIT_ID,NIA_ORDEN",SPE,
TITULO,TIT_NOMBRE_CTX,DOMAIN,NONUNIQUE,VALID,1,DISABLED,TIT_NOMBRE,SPE,
TITULO,TIT_PK,NORMAL,UNIQUE,VALID,1,DISABLED,TIT_ID,SPE,
TITULO_AGRUPACION,IDX_TITULO_AGRUP_TIT_ID,NORMAL,NONUNIQUE,VALID,1,DISABLED,TIT_ID,SPE,
TITULO_AGRUPACION,TIA_PK,NORMAL,UNIQUE,VALID,1,DISABLED,TIA_ID,SPE,
TITULO_AGRUPACION,TITULO_AGRUPACION_UK,NORMAL,UNIQUE,VALID,1,DISABLED,"TIT_ID,TIG_ID",SPE,
TITULO_GRUPO,TIG_PK,NORMAL,UNIQUE,VALID,1,DISABLED,TIG_ID,SPE,
TITULO_RELACIONADO,SOP_TIT_TIT_ID,NORMAL,NONUNIQUE,VALID,1,DISABLED,"TIT_ID,NIA_ORDEN,TIR_ID",SPE,
TITULO_RELACIONADO_BACK,TRB_UK,NORMAL,UNIQUE,VALID,1,DISABLED,"TRB_ID,TTB_ID",SPE,
TMP_VALIDACION_SEL_FINAL,IDX_TVS_ENV,NORMAL,NONUNIQUE,VALID,1,DISABLED,ENV_ID,SPE,
TMP_VALIDACION_SEL_FINAL,IDX_TVS_LOTE,NORMAL,NONUNIQUE,VALID,1,DISABLED,TVS_LOTE_ID,SPE,
TMP_VALIDACION_SEL_FINAL,IDX_TVS_OFT,NORMAL,NONUNIQUE,VALID,1,DISABLED,OFT_ID,SPE,
TMP_VALIDACION_SEL_FINAL,PK_TMP_VALIDACION_SEL_FINAL,NORMAL,UNIQUE,VALID,1,DISABLED,TVS_ID,SPE,
URL_ROL,URL_FIN_ROL_UK,NORMAL,UNIQUE,VALID,1,DISABLED,"URL_FIN,ROL_ID",SPE,
USU_CARACTERIZACION,OCT_PK,NORMAL,UNIQUE,VALID,1,DISABLED,"TCT_ID,USU_ID",SPE,
VACANTE,VACANTE_DEM_IDX,NORMAL,NONUNIQUE,VALID,1,DISABLED,DEM_ID,SPE,
VACANTE,VTE_PK,NORMAL,UNIQUE,VALID,1,DISABLED,VTE_ID,SPE,
VARIABLE_CRUCE,VAC_PK,NORMAL,UNIQUE,VALID,1,DISABLED,VAC_CODIGO,SPE,
VEHICULO,VEH_PK,NORMAL,UNIQUE,VALID,1,DISABLED,VEH_ID,SPE,
VERIFICAR_EMPRESA_ORI,VEO_ID_PK,NORMAL,UNIQUE,VALID,1,DISABLED,VEO_ID,SPE,
WL_SERVLET_SESSIONS,SYS_C0023721,NORMAL,UNIQUE,VALID,1,DISABLED,"WL_ID,WL_CONTEXT_PATH",SPE,
WS_OFERTA,WS_OFERTA_PK1,NORMAL,UNIQUE,VALID,1,DISABLED,IDMENSAJE,SPE,
WS_OFERTA_ESTUDIOS,WS_OFERTA_ESTUDIOS_PK1,NORMAL,UNIQUE,VALID,1,DISABLED,IDMENSAJE,SPE,
WS_PROGRAMAS_FORMACION,WS_PROGRAMAS_FORMACION_PK1,NORMAL,UNIQUE,VALID,1,DISABLED,IDMENSAJE,SPE,
ZONA,MPO_ZON_UK,NORMAL,NONUNIQUE,VALID,1,DISABLED,MPO_ID,SPE,
ZONA,ZON_PK,NORMAL,UNIQUE,VALID,1,DISABLED,ZON_ID,SPE,
