TABLA,NUM_FILAS,BLOQUES,BLOQUES_VACIOS,LONGITUD_PROMEDIO_FILA,TABLESPACE,ESTADO,ULTIMO_ANALISIS,GRADO,COMPRESION
AAAACNO_CNO_ACT,610,5,0,12,USERS,VALID,2024-12-13 16:57:25,         1,DISABLED
AAAACNO_DENOMINACIONES_ACT,11143,85,0,45,USERS,VALID,2024-12-13 16:57:25,         1,DISABLED
AAAACNO_FUNCIONES_ACT,5244,98,0,117,USERS,VALID,2024-12-13 16:57:25,         1,DISABLED
AAAACNO_OCUPACIONES_ACT,610,40,0,392,USERS,VALID,2024-12-13 16:57:25,         1,DISABLED
AAA_CRUCE,1882,43,0,140,USERS,VALID,2024-12-13 16:57:27,         1,DISABLED
AAA_CRUCE_1,323300,546,0,7,USERS,VALID,2024-12-13 16:57:27,         1,DISABLED
AAA_CRUCE_2,4309,10,0,7,USERS,VALID,2024-12-13 16:57:27,         1,DISABLED
AAA_CRUCE_3,155733,326,0,9,USERS,VALID,2024-12-13 16:57:27,         1,DISABLED
AAA_CRUCE_4,7269,15,0,6,USERS,VALID,2024-12-13 16:57:27,         1,DISABLED
AAA_CRUCE_5,15644,43,0,12,USERS,VALID,2024-12-13 16:57:27,         1,DISABLED
AAA_CRUCE_ARN_1,23720,41,0,6,USERS,VALID,2024-12-13 16:57:27,         1,DISABLED
AAA_CRUCE_ARN_2,30713,55,0,6,USERS,VALID,2024-12-13 16:57:27,         1,DISABLED
AAA_CRUCE_ARN_2018,43533,172,0,21,USERS,VALID,2024-12-13 16:57:27,         1,DISABLED
AAA_CRUCE_ARN_201903,42453,315,0,47,USERS,VALID,2024-12-13 16:57:27,         1,DISABLED
AAA_CRUCE_ARN_201904,44240,172,0,21,USERS,VALID,2024-12-13 16:57:27,         1,DISABLED
AAA_CRUCE_ARN_201911,67887,283,0,23,USERS,VALID,2024-12-13 16:57:27,         1,DISABLED
AAA_CRUCE_ARN_201912,67840,357,0,32,USERS,VALID,2024-12-13 16:57:28,         1,DISABLED
AAA_CRUCE_ARN_3,13076,25,0,7,USERS,VALID,2024-12-13 16:57:28,         1,DISABLED
AAA_CRUCE_CEDULAS_FORMACION,2135,7,0,7,USERS,VALID,2024-12-13 16:57:28,         1,DISABLED
AAA_CRUCE_EMPRESAS,50033,91,0,7,USERS,VALID,2024-12-13 16:57:28,         1,DISABLED
AAA_CRUCE_FOSFEC_MARZO_2020,1043680,2760,0,14,USERS,VALID,2024-12-13 16:57:29,         1,DISABLED
AAA_CRUCE_INTERESADO,27633,52,0,7,USERS,VALID,2024-12-13 16:57:29,         1,DISABLED
AAA_CRUCE_ORIENTADOS_RUV_2018,185800,313,0,7,USERS,VALID,2024-12-13 16:57:29,         1,DISABLED
AAA_CRUCE_RUV_MINAS,7038,15,0,6,USERS,VALID,2024-12-13 16:57:29,         1,DISABLED
AAA_CRUCE_SER,79000,137,0,6,USERS,VALID,2024-12-13 16:57:29,         1,DISABLED
AAA_CRUCE_VALLE,139973,244,0,7,USERS,VALID,2024-12-13 16:57:29,         1,DISABLED
AAA_CRUCE_VULNERABLES,30967,55,0,7,USERS,VALID,2024-12-13 16:57:29,         1,DISABLED
AAA_DEMANDAS_COMPARAR,13984,26,0,6,USERS,VALID,2024-12-13 16:57:29,         1,DISABLED
AAA_IDE_COLO_201807_201812,23880,45,0,7,USERS,VALID,2024-12-13 16:57:29,         1,DISABLED
AAA_IDE_INSCRI_201807_201812,161840,280,0,7,USERS,VALID,2024-12-13 16:57:29,         1,DISABLED
AAA_IDE_ORIEN_201807_201812,104053,180,0,7,USERS,VALID,2024-12-13 16:57:29,         1,DISABLED
ACCION_SEGUIMIENTO_DEM,483140,10231,0,142,USERS,VALID,2025-07-14 22:05:31,         1,DISABLED
AC_ACCIONES_ORIENTACION,8619494,254048,0,200,USERS,VALID,2025-07-01 22:04:43,         1,DISABLED
AC_COLOCACIONES,2774685,93132,0,234,USERS,VALID,2025-07-01 22:04:13,         1,DISABLED
AC_EMPRESAS,167886,2172,0,86,USERS,VALID,2025-07-01 22:03:55,         1,DISABLED
AC_INDICADOR_META,33,4,0,79,USERS,VALID,2024-12-13 16:58:14,         1,DISABLED
AC_INSCRITOS,5639369,86620,0,105,USERS,VALID,2025-06-01 22:21:44,         1,DISABLED
AC_ORIENTADOS,6472922,106588,0,111,USERS,VALID,2025-04-24 22:05:47,         1,DISABLED
AC_POSTULACIONES,16777034,560695,0,234,USERS,VALID,2025-08-01 22:07:20,         1,DISABLED
AC_SOLICITUDES,1151436,40936,0,241,USERS,VALID,2025-08-01 22:06:25,         1,DISABLED
ANEXO_HIDRO_2616,2,4,0,3538,USERS,VALID,2024-12-13 17:00:01,         1,DISABLED
APRENDICES_ESTADO,9,4,0,18,USERS,VALID,2024-12-13 17:00:02,         1,DISABLED
APRENDICES_ESTADO_APE,5,4,0,16,USERS,VALID,2024-12-13 17:00:02,         1,DISABLED
APRENDICES_MIG,0,0,0,0,USERS,VALID,2024-12-13 17:00:02,         1,DISABLED
APRENDICES_MIG_CERTIFICADOS,1111,11,0,46,USERS,VALID,2024-12-13 17:00:02,         1,DISABLED
APRENDICES_MIG_CONF,1,4,0,19,USERS,VALID,2024-12-13 17:00:02,         1,DISABLED
APRENDICES_MIG_ORI,0,0,0,0,USERS,VALID,2024-12-13 17:00:02,         1,DISABLED
APRENDIZ_AMAZON,22933,1185,0,354,USERS,VALID,2024-12-13 17:00:03,         1,DISABLED
APRENDIZ_DOBLE_TITULACION,167167,8460,0,345,USERS,VALID,2024-12-13 17:00:04,         1,DISABLED
APRENDIZ_EGRESADOS,52600,1907,0,246,USERS,VALID,2024-12-13 17:00:04,         1,DISABLED
APRENDIZ_ETP_PRODUCTIVA,163133,7264,0,305,USERS,VALID,2024-12-13 17:00:06,         1,DISABLED
APRENDIZ_F_TITULADA,926080,26045,0,194,USERS,VALID,2024-12-13 17:00:10,         1,DISABLED
APRENDIZ_LINKEDIN,98300,1651,0,113,USERS,VALID,2024-12-13 17:00:11,         1,DISABLED
AREA_CONOCIMIENTO,10,4,0,37,DATOS_1M,VALID,2024-12-13 17:00:15,         1,DISABLED
AREA_DESEMPENO,10,4,0,488,DATOS_1M,VALID,2024-12-13 17:00:15,         1,DISABLED
AREA_INFLUENCIA,5,4,0,18,USERS,VALID,2024-12-13 17:00:15,         1,DISABLED
AREA_OCUPACIONAL,41,4,0,64,DATOS_1M,VALID,2024-12-13 17:00:15,         1,DISABLED
ARN,701480,5236,0,47,USERS,VALID,2025-06-13 22:04:33,         1,DISABLED
ARN_ANUALES,316620,2462,0,51,USERS,VALID,2024-12-13 17:00:19,         1,DISABLED
ARREGLO_1,2064953,3966,0,9,USERS,VALID,2024-12-13 17:00:20,         1,DISABLED
ARREGLO_2021,10118,24,0,9,USERS,VALID,2024-12-13 17:00:20,         1,DISABLED
ASPIRANTES_2022,11117,29,0,10,USERS,VALID,2024-12-13 17:00:20,         1,DISABLED
AUX_SOLICITUDES_MOD_HIDRO,78313,128,0,6,USERS,VALID,2024-12-13 17:01:01,         1,DISABLED
BARRIO,10352,47,0,24,DATOS_1M,VALID,2024-12-13 17:01:02,         1,DISABLED
CAMBIOS_REGISTRO_ORO,20501140,782089,0,263,USERS,VALID,2024-12-13 17:03:16,         1,DISABLED
CAMBIO_ESTADO_C_DEMANDA,0,0,0,0,USERS,VALID,2024-12-13 17:03:28,         1,DISABLED
CAMPE_SENA_CNO,32,4,0,42,USERS,VALID,2024-12-13 17:03:28,         1,DISABLED
CAMPO_OCUPACIONAL,152,5,0,56,DATOS_1M,VALID,2024-12-13 17:03:28,         1,DISABLED
CANDIDATOS_BUSQUEDA,918453,21284,0,161,USERS,VALID,2024-12-13 17:03:29,         1,DISABLED
CANDIDATOS_BUSQUEDA_PORTAL,11490,304,0,176,USERS,VALID,2024-12-13 17:03:29,         1,DISABLED
CAP_CAPACITACIONES,0,0,0,0,USERS,VALID,2024-12-13 17:03:29,         1,DISABLED
CAP_PROGRAMAS,0,0,0,0,USERS,VALID,2024-12-13 17:03:29,         1,DISABLED
CARACTER,7,4,0,27,DATOS_1M,VALID,2024-12-13 17:03:29,         1,DISABLED
CENTRO_SPE,543,19,0,180,DATOS_1M,VALID,2024-12-13 17:03:30,         1,DISABLED
CENTRO_SPE_07122012,463,16,0,169,USERS,VALID,2024-12-13 17:03:30,         1,DISABLED
CENTRO_SPE_10062012,432,14,0,153,USERS,VALID,2024-12-13 17:03:30,         1,DISABLED
CENTRO_SPE_12102012,459,16,0,168,USERS,VALID,2024-12-13 17:03:30,         1,DISABLED
CENTRO_SPE_17052013,464,16,0,169,USERS,VALID,2024-12-13 17:03:30,         1,DISABLED
CENTRO_SPE_17072012,435,14,0,155,USERS,VALID,2024-12-13 17:03:30,         1,DISABLED
CENTRO_SPE_19102012,459,16,0,168,USERS,VALID,2024-12-13 17:03:30,         1,DISABLED
CENTRO_SPE_21122012,464,16,0,169,USERS,VALID,2024-12-13 17:03:30,         1,DISABLED
CENTRO_SPE_23112012,463,16,0,169,USERS,VALID,2024-12-13 17:03:30,         1,DISABLED
CERTIFICADOS_2022,88397,3186,0,167,USERS,VALID,2025-06-12 22:00:13,         1,DISABLED
CERTIFICADOS_6M_GENERAL,75534,1882,0,166,USERS,VALID,2025-03-12 22:00:07,         1,DISABLED
CERTIFICADOS_6_MESES_TOTAL,95147,4959,0,353,USERS,VALID,2024-12-13 17:03:32,         1,DISABLED
CERTIFICADOS_NACIONAL,517947,35832,0,472,USERS,VALID,2024-12-13 17:03:37,         1,DISABLED
CIIU,465,8,0,66,DATOS_1M,VALID,2024-12-13 17:03:58,         1,DISABLED
CK_LOG,1551,15,0,50,USERS,VALID,2024-12-13 17:03:58,         1,DISABLED
CNO,610,5,0,16,DATOS_1M,VALID,2024-12-13 17:03:58,         1,DISABLED
CNO_CARGA,52,4,0,116,USERS,VALID,2024-12-13 17:03:58,         1,DISABLED
CNO_CARGA_LOG,824,28,0,259,USERS,VALID,2024-12-13 17:03:58,         1,DISABLED
COLOCACIONES_201809,29700,679,0,153,USERS,VALID,2024-12-13 17:03:59,         1,DISABLED
COLOCACIONES_201810,24013,549,0,152,USERS,VALID,2024-12-13 17:04:00,         1,DISABLED
COLOCACIONES_201811,29960,672,0,151,USERS,VALID,2024-12-13 17:04:00,         1,DISABLED
COLOCACIONES_201812,14056,321,0,153,USERS,VALID,2024-12-13 17:04:00,         1,DISABLED
COLOCACIONES_201901,3489,101,0,183,USERS,VALID,2024-12-13 17:04:00,         1,DISABLED
COLOCACIONES_201902,30340,785,0,174,USERS,VALID,2024-12-13 17:04:00,         1,DISABLED
COLOCACIONES_201903,58647,1507,0,174,USERS,VALID,2024-12-13 17:04:01,         1,DISABLED
COLOCACIONES_201904,42993,1090,0,174,USERS,VALID,2024-12-13 17:04:01,         1,DISABLED
COLOCACIONES_201905,59440,1517,0,174,USERS,VALID,2024-12-13 17:04:02,         1,DISABLED
COLOCACIONES_201906,44820,1019,0,156,USERS,VALID,2024-12-13 17:04:02,         1,DISABLED
COLOCACIONES_201907,46187,1193,0,173,USERS,VALID,2024-12-13 17:04:02,         1,DISABLED
COLOCACIONES_201908,47087,1210,0,172,USERS,VALID,2024-12-13 17:04:02,         1,DISABLED
COLOCACIONES_201909,40420,1024,0,169,USERS,VALID,2024-12-13 17:04:02,         1,DISABLED
COLOCACIONES_201910,39133,992,0,172,USERS,VALID,2024-12-13 17:04:02,         1,DISABLED
COLOCACIONES_201911,27873,716,0,171,USERS,VALID,2024-12-13 17:04:03,         1,DISABLED
COLOCACIONES_201912,20793,520,0,172,USERS,VALID,2024-12-13 17:04:03,         1,DISABLED
COLOCACIONES_202001,2848,77,0,171,USERS,VALID,2024-12-13 17:04:03,         1,DISABLED
COMPETENCIA_LABORAL,4611,80,0,106,USERS,VALID,2024-12-13 17:04:04,         1,DISABLED
COMPETENCIA_LABORAL_1,2638,45,0,103,USERS,VALID,2024-12-13 17:04:04,         1,DISABLED
CONFECAMARAS,112320,5297,0,322,USERS,VALID,2024-12-13 17:04:06,         1,DISABLED
CONTACT_CENTER_2021,33413,58,0,6,USERS,VALID,2024-12-13 17:04:06,         1,DISABLED
CONTROL_CURSO,65927,493,0,47,DATA_16M,VALID,2024-12-13 17:04:06,         1,DISABLED
CONTROL_CURSO_05102012,47107,340,0,47,USERS,VALID,2024-12-13 17:04:06,         1,DISABLED
CONTROL_CURSO_07122012,49800,356,0,47,USERS,VALID,2024-12-13 17:04:06,         1,DISABLED
CONTROL_CURSO_12102012,47440,342,0,47,USERS,VALID,2024-12-13 17:04:06,         1,DISABLED
CONTROL_CURSO_17052013,51600,375,0,47,USERS,VALID,2024-12-13 17:04:06,         1,DISABLED
CONTROL_CURSO_17072012,46167,327,0,47,USERS,VALID,2024-12-13 17:04:07,         1,DISABLED
CONTROL_CURSO_19102012,46973,343,0,47,USERS,VALID,2024-12-13 17:04:07,         1,DISABLED
CONTROL_CURSO_21122012,49813,357,0,47,USERS,VALID,2024-12-13 17:04:07,         1,DISABLED
CONTROL_CURSO_23112012,49227,352,0,47,USERS,VALID,2024-12-13 17:04:07,         1,DISABLED
CONTROL_CURSO_26102012,47140,344,0,47,USERS,VALID,2024-12-13 17:04:07,         1,DISABLED
CONTROL_CURSO_BCK,52660,377,0,47,USERS,VALID,2024-12-13 17:04:07,         1,DISABLED
CONTROL_CURSO_BCK2,52293,377,0,47,USERS,VALID,2024-12-13 17:04:07,         1,DISABLED
CONTROL_CURSO_BCK_1,51940,378,0,47,USERS,VALID,2024-12-13 17:04:07,         1,DISABLED
CONTROL_DEMANDA,3130355,27640,0,54,DATA_16M,VALID,2025-08-25 22:06:29,         1,DISABLED
CONTROL_EMPRESA,747947,7152,0,49,DATA_16M,VALID,2025-08-21 22:06:32,         1,DISABLED
CONTROL_OFERTA,19191597,360432,0,135,DATA_8M,VALID,2025-08-21 22:07:43,         1,DISABLED
CONVENIO_ACCION,144,6,0,78,DATOS_1M,VALID,2024-12-13 17:06:32,         1,DISABLED
CONVENIO_ENTIDAD,49,5,0,69,DATOS_1M,VALID,2024-12-13 17:06:32,         1,DISABLED
CONVENIO_GESTION,63300,325,0,30,DATA_16M,VALID,2024-12-13 17:06:32,         1,DISABLED
CONVOCATORIA_2011,375313,3906,0,69,DATA_1M,VALID,2024-12-13 17:06:33,         1,DISABLED
CORREOS_NEWSLETTER,886173,5118,0,36,USERS,VALID,2024-12-13 17:06:35,         1,DISABLED
CORREOS_NEWSLETTER_EMP,55967,341,0,38,USERS,VALID,2024-12-13 17:06:35,         1,DISABLED
CORREO_ESPECIAL,6,35,0,58,DATA_64M,VALID,2024-12-13 17:06:35,         1,DISABLED
CORREO_OFT_EMP,11640113,59408,0,31,DATA_16M,VALID,2024-12-13 17:06:50,         1,DISABLED
CRUCES_BANIN,94,4,0,6,USERS,VALID,2024-12-13 17:07:01,         1,DISABLED
CRUCE_DPS,2234920,4563,0,10,USERS,VALID,2024-12-13 17:07:03,         1,DISABLED
CRUCE_ICBF,220400,5040,0,155,USERS,VALID,2024-12-13 17:07:05,         1,DISABLED
CRUCE_PIG,2889,19,0,32,USERS,VALID,2024-12-13 17:07:05,         1,DISABLED
CRUCE_UIAE,4881,102,0,130,USERS,VALID,2024-12-13 17:07:05,         1,DISABLED
CRU_CONF_VARIABLE,12,4,0,157,USERS,VALID,2024-12-13 17:07:05,         1,DISABLED
CRU_EVENTO_CAMBIO,1010859113,5399268,0,33,USERS,VALID,2024-12-13 17:19:39,         1,DISABLED
CRU_SERVER_LOCK,0,0,0,0,USERS,VALID,2024-12-13 17:21:56,         1,DISABLED
CUESTIONARIO_TALLER,18,5,0,212,DATA_4M,VALID,2024-12-13 17:21:56,         1,DISABLED
CURSO,67307,3813,0,385,DATA_16M,VALID,2024-12-13 17:21:57,         1,DISABLED
CURSO_05102012,47007,2735,0,394,USERS,VALID,2024-12-13 17:21:58,         1,DISABLED
CURSO_07122012,49033,2845,0,395,USERS,VALID,2024-12-13 17:21:59,         1,DISABLED
CURSO_12102012,47440,2746,0,392,USERS,VALID,2024-12-13 17:21:59,         1,DISABLED
CURSO_19102012,49180,2754,0,393,USERS,VALID,2024-12-13 17:22:00,         1,DISABLED
CURSO_21122012,50267,2856,0,393,USERS,VALID,2024-12-13 17:22:01,         1,DISABLED
CURSO_23112012,49333,2820,0,396,USERS,VALID,2024-12-13 17:22:01,         1,DISABLED
CURSO_26102012,47600,2767,0,393,USERS,VALID,2024-12-13 17:22:02,         1,DISABLED
CURXCNO,1734,14,0,34,DATA_4M,VALID,2024-12-13 17:22:02,         1,DISABLED
CURXPES,28153,146,0,31,DATA_4M,VALID,2024-12-13 17:22:02,         1,DISABLED
CUR_ETD_FORMAL,9108,66,0,43,DATA_4M,VALID,2024-12-13 17:22:02,         1,DISABLED
CUR_ETD_NO_FORMAL,1226,12,0,38,DATA_4M,VALID,2024-12-13 17:22:02,         1,DISABLED
CUR_IDIOMA,1807,15,0,39,DATA_4M,VALID,2024-12-13 17:22:02,         1,DISABLED
CUR_INSTRUCTOR_CORREO,39893,151,0,19,DATA_16M,VALID,2024-12-13 17:22:03,         1,DISABLED
CUR_LICENCIA,3327,13,0,13,DATA_4M,VALID,2024-12-13 17:22:03,         1,DISABLED
CUR_SISBEN_MPO,3197,13,0,15,DATA_4M,VALID,2024-12-13 17:22:03,         1,DISABLED
CUR_TALLER,0,0,0,0,DATA_4M,VALID,2024-12-13 17:22:03,         1,DISABLED
CZ_CURSO,41,5,0,26,DATA_4M,VALID,2024-12-13 17:22:05,         1,DISABLED
CZ_CURXCNO,0,0,0,0,DATA_4M,VALID,2024-12-13 17:22:05,         1,DISABLED
CZ_CURXPES,88,5,0,8,DATA_4M,VALID,2024-12-13 17:22:06,         1,DISABLED
CZ_CUR_ETD_FORM,0,0,0,0,DATA_4M,VALID,2024-12-13 17:22:06,         1,DISABLED
CZ_CUR_ETD_NFORM,1,5,0,15,DATA_4M,VALID,2024-12-13 17:22:06,         1,DISABLED
CZ_CUR_IDIOMA,1,5,0,14,DATA_4M,VALID,2024-12-13 17:22:06,         1,DISABLED
CZ_CUR_LICENCIA,0,0,0,0,DATA_4M,VALID,2024-12-13 17:22:06,         1,DISABLED
CZ_CUR_SISBEN_MPO,0,0,0,0,DATA_4M,VALID,2024-12-13 17:22:06,         1,DISABLED
CZ_CUR_TALLER,0,0,0,0,DATA_16M,VALID,2024-12-13 17:22:06,         1,DISABLED
CZ_DEMANDA,7669,128,0,46,DATA_4M,VALID,2025-08-26 22:06:09,         1,DISABLED
CZ_DEMANDA$REORG,1683,14,0,36,DATA_4M,VALID,2024-12-13 17:22:06,         1,DISABLED
CZ_DEMANDA_COUNT,1,5,0,4,DATA_1M,VALID,2025-08-25 22:00:15,         1,DISABLED
CZ_DEMXPES,140,128,0,10,DATA_4M,VALID,2025-08-26 22:06:17,         1,DISABLED
CZ_DEM_ETD_FORM,1887,128,0,22,DATA_4M,VALID,2025-08-26 22:06:17,         1,DISABLED
CZ_DEM_ETD_NFORM,175,128,0,16,DATA_4M,VALID,2025-08-26 22:00:12,         1,DISABLED
CZ_DEM_IDIOMA,129,128,0,18,DATA_4M,VALID,2025-08-26 22:06:09,         1,DISABLED
CZ_DEM_LICENCIA,393,128,0,9,DATA_4M,VALID,2025-08-26 22:06:18,         1,DISABLED
CZ_DEM_VARIABLE,0,124,0,0,DATA_4M,VALID,2025-02-06 22:05:37,         1,DISABLED
CZ_DEM_VEHICULO,211,128,0,9,DATA_4M,VALID,2025-08-26 22:06:17,         1,DISABLED
CZ_OFERTA,13571377,115688,0,57,DATA_8M,VALID,2025-06-17 22:06:03,         1,DISABLED
CZ_OFTXPES,8186306,17404,0,9,DATA_16M,VALID,2025-07-12 10:05:51,         1,DISABLED
CZ_OFT_ETD_FORM,6184560,31740,0,30,DATA_16M,VALID,2025-05-12 22:11:16,         1,DISABLED
CZ_OFT_ETD_NFORM,2080869,11252,0,21,DATA_16M,VALID,2025-08-20 22:06:09,         1,DISABLED
CZ_OFT_EXP,21839181,70256,0,17,DATA_16M,VALID,2025-07-17 22:05:10,         1,DISABLED
CZ_OFT_EXP_IND,24805939,69616,0,14,DATA_16M,VALID,2025-07-09 22:05:03,         1,DISABLED
CZ_OFT_IDIOMA,2385033,9216,0,20,DATA_16M,VALID,2025-04-12 22:08:51,         1,DISABLED
CZ_OFT_LICENCIA,1740270,5104,0,9,DATA_16M,VALID,2025-08-21 22:06:30,         1,DISABLED
CZ_OFT_TALLER,0,0,0,0,DATA_16M,VALID,2024-12-13 17:23:21,         1,DISABLED
CZ_OFT_VEHICULO,1415227,4080,0,9,DATA_16M,VALID,2024-12-13 17:23:22,         1,DISABLED
C_CR_EGRESADOS,28753,54,0,7,USERS,VALID,2024-12-13 17:23:22,         1,DISABLED
DEMANDA,3095992,220792,0,482,DATA_64M,VALID,2025-07-02 22:04:39,         1,DISABLED
DEMANDAS_CONVOCATORIA_PT_2017,785,5,0,6,USERS,VALID,2024-12-13 17:24:14,         1,DISABLED
DEMANDA_FUNCION_CPL,11971541,35820,0,16,USERS,VALID,2025-08-04 22:06:18,         1,DISABLED
DEMANDA_INDICE,397784,2172,0,33,USERS,VALID,2025-08-01 22:06:17,         1,DISABLED
DEMANDA_OCUPACION,2732646,18416,0,37,USERS,VALID,2025-07-09 22:04:46,         1,DISABLED
DEMANDA_SENA,0,0,0,0,USERS,VALID,2024-12-13 17:24:25,         1,DISABLED
DEMXFUNCION,17088735,57312,0,16,DATA_64M,VALID,2025-08-05 22:05:00,         1,DISABLED
DEMXFUNCIONREL1,168073,479,0,15,USERS,VALID,2024-12-13 17:24:43,         1,DISABLED
DEMXFUNCIONREL2,108187,317,0,15,USERS,VALID,2024-12-13 17:24:44,         1,DISABLED
DEMXPES,192347,1024,0,28,DATA_8M,VALID,2024-12-13 17:24:44,         1,DISABLED
DEM_COMP_LABORAL,42269,256,0,18,USERS,VALID,2025-07-01 22:03:50,         1,DISABLED
DEM_DUPLICADAS,0,0,0,0,DATA_64M,VALID,2024-12-13 17:24:45,         1,DISABLED
DEM_ESTUDIOS,0,0,0,0,INDEX_TEXT,VALID,2024-12-13 17:24:45,         1,DISABLED
DEM_ETD_FORMAL,1924333,16376,0,45,DATA_32M,VALID,2024-12-13 17:24:46,         1,DISABLED
DEM_ETD_NO_FORMAL,308013,2048,0,38,DATA_32M,VALID,2024-12-13 17:24:50,         1,DISABLED
DEM_EVENTO,100124,384,0,15,USERS,VALID,2025-07-16 22:05:16,         1,DISABLED
DEM_IDIOMA,36937,2032,0,38,DATA_16M,VALID,2025-05-12 22:10:59,         1,DISABLED
DEM_LICENCIA,179713,1024,0,14,DATA_16M,VALID,2024-12-13 17:24:51,         1,DISABLED
DEM_MUN_HID,247436,1532,0,36,USERS,VALID,2025-08-20 22:06:04,         1,DISABLED
DEM_PRESELECCION,0,0,0,0,USERS,VALID,2024-12-13 17:24:52,         1,DISABLED
DEM_VARIABLE_CRUCE,10426607,29349,0,15,DATA_16M,VALID,2024-12-13 17:24:58,         1,DISABLED
DEM_VEHICULO,96167,1024,0,14,DATA_16M,VALID,2024-12-13 17:25:03,         1,DISABLED
DENOMINACIONES_ECO_NAR,1074,29,0,160,USERS,VALID,2024-12-13 17:25:03,         1,DISABLED
DENOMINACIONES_EPL_CULT,921,24,0,145,USERS,VALID,2024-12-13 17:25:03,         1,DISABLED
DEPARTAMENTO,3989,16,0,19,DATOS_1M,VALID,2024-12-13 17:25:03,         1,DISABLED
DIA_NO_LABORABLE,1937,8,0,20,DATOS_1M,VALID,2024-12-13 17:25:05,         1,DISABLED
DICCIONARIO,112,19,0,26,DATA_8M,VALID,2024-12-13 17:25:05,         1,DISABLED
DIVISION_CIIU,62,4,0,66,DATOS_1M,VALID,2024-12-13 17:25:06,         1,DISABLED
DURACION,14,4,0,26,DATOS_1M,VALID,2024-12-13 17:25:08,         1,DISABLED
DWH_COLO_FUN,255062,1024,0,23,USERS,VALID,2025-08-21 22:06:24,         1,DISABLED
DWH_COLO_MUN,239665,1150,0,25,USERS,VALID,2025-08-25 22:06:20,         1,DISABLED
DWH_CURS_FUN,201,5,0,32,USERS,VALID,2024-12-13 17:25:09,         1,DISABLED
DWH_CURS_MUN,65280,380,0,36,USERS,VALID,2024-12-13 17:25:09,         1,DISABLED
DWH_DEMA_FUN,316511,1278,0,23,USERS,VALID,2025-08-01 22:06:16,         1,DISABLED
DWH_DEMA_MUN,389084,1916,0,25,USERS,VALID,2025-07-02 22:04:18,         1,DISABLED
DWH_EMPR_FUN,70226,384,0,23,USERS,VALID,2025-06-16 22:04:57,         1,DISABLED
DWH_EMPR_MUN,94993,510,0,23,USERS,VALID,2025-07-07 22:05:02,         1,DISABLED
DWH_INSC,0,0,0,0,USERS,VALID,2024-12-13 17:25:12,         1,DISABLED
DWH_INSC_FUN,718890,2814,0,23,USERS,VALID,2025-08-19 22:05:53,         1,DISABLED
DWH_INSC_MUN,898756,3964,0,25,USERS,VALID,2025-08-21 22:06:27,         1,DISABLED
DWH_ORIE_FUN,11795840,55292,0,29,USERS,VALID,2024-12-13 17:25:24,         1,DISABLED
DWH_ORIE_MUN,11711767,56316,0,29,USERS,VALID,2024-12-13 17:25:38,         1,DISABLED
DWH_POST_FUN,864629,3452,0,23,USERS,VALID,2025-08-21 22:06:26,         1,DISABLED
DWH_POST_MUN,658148,2812,0,25,USERS,VALID,2025-08-26 22:06:36,         1,DISABLED
DWH_SEGU_FUN,1640707,7032,0,25,USERS,VALID,2025-08-26 22:06:38,         1,DISABLED
DWH_SEGU_MUN,1949358,9207,0,25,USERS,VALID,2025-08-25 22:06:26,         1,DISABLED
DWH_VACA_FUN,0,0,0,0,USERS,VALID,2024-12-13 17:25:51,         1,DISABLED
DWH_VACA_MUN,0,0,0,0,USERS,VALID,2024-12-13 17:25:51,         1,DISABLED
EESXPES,1,5,0,8,DATA_1M,VALID,2024-12-13 17:25:53,         1,DISABLED
EGRESADO,12692247,26027,0,10,USERS,VALID,2024-12-13 17:26:00,         1,DISABLED
EGRESADOS_TEC,520,15,0,149,USERS,VALID,2024-12-13 17:26:00,         1,DISABLED
EGRESADOS_TITULADA_2017,425647,3425,0,52,USERS,VALID,2024-12-13 17:26:01,         1,DISABLED
EGRESADO_AUX,346860,731,0,10,USERS,VALID,2024-12-13 17:26:01,         1,DISABLED
EGRESADO_INSERTAR,157373,339,0,10,USERS,VALID,2024-12-13 17:26:01,         1,DISABLED
EGRESADO_SIMULA,1569833,2575,0,7,USERS,VALID,2024-12-13 17:26:02,         1,DISABLED
EJECUCION_TALLER,671333,10240,0,99,USERS,VALID,2024-12-13 17:26:03,         1,DISABLED
EMPRESA,723853,29692,0,277,DATA_32M,VALID,2024-12-13 17:26:08,         1,DISABLED
EMPRESASCRM,2114,83,0,245,USERS,VALID,2024-12-13 17:26:10,         1,DISABLED
EMPRESASSENNOVAFOMENTO,399,13,0,166,USERS,VALID,2024-12-13 17:26:10,         1,DISABLED
EMPRESASSENNOVAI,8810,114,0,81,USERS,VALID,2024-12-13 17:26:10,         1,DISABLED
EMPRESASSENNOVAII,1102,37,0,199,USERS,VALID,2024-12-13 17:26:10,         1,DISABLED
EMPRESAS_ACTIVAS_EAE,49773,1051,0,143,USERS,VALID,2024-12-13 17:26:10,         1,DISABLED
EMPRESAS_ACT_UAIE,49273,471,0,61,USERS,VALID,2024-12-13 17:26:11,         1,DISABLED
EMPRESAS_FE,2649,57,0,132,USERS,VALID,2024-12-13 17:26:11,         1,DISABLED
EMPRESA_ANULADA,0,3022,0,0,DATA_8M,VALID,2025-08-26 22:00:07,         1,DISABLED
EMPRESA_ESPECIAL,11,4,0,164,DATOS_1M,VALID,2024-12-13 17:26:11,         1,DISABLED
EMPRESA_PILA_TEMP,381133,10333,0,185,DATA_32M,VALID,2024-12-13 17:26:13,         1,DISABLED
EMPXEES,31542,3040,0,22,DATA_8M,VALID,2025-06-04 22:12:11,         1,DISABLED
EMPXEES_COP,6976,30,0,23,USERS,VALID,2024-12-13 17:26:14,         1,DISABLED
EMP_ACTIVAS_UAIE,7928,75,0,56,USERS,VALID,2024-12-13 17:26:14,         1,DISABLED
EMP_TALLER,730013,4064,0,15,DATA_32M,VALID,2024-12-13 17:26:15,         1,DISABLED
ENVIO,40860307,335856,0,55,DATA_32M,VALID,2025-07-23 22:05:52,         1,DISABLED
ENVIO_SENSIBILIZACION,273453,8192,0,38,DATA_32M,VALID,2024-12-13 17:27:55,         1,DISABLED
ESPECIALIDAD_ARD,69,4,0,37,DATOS_1M,VALID,2024-12-13 17:27:57,         1,DISABLED
ESTACION_CONSULTA,540,12,0,94,DATA_4M,VALID,2024-12-13 17:27:57,         1,DISABLED
ESTADISTICAS_PROD,10478,171,0,101,USERS,VALID,2024-12-13 17:27:58,         1,DISABLED
ESTADO_CIVIL,6,4,0,18,DATOS_1M,VALID,2024-12-13 17:27:58,         1,DISABLED
ESTADO_CURSO,7,4,0,29,DATOS_1M,VALID,2024-12-13 17:27:58,         1,DISABLED
ESTADO_DEMANDA,5,4,0,29,DATOS_1M,VALID,2024-12-13 17:27:58,         1,DISABLED
ESTADO_EMPRESA,6,4,0,31,DATOS_1M,VALID,2024-12-13 17:27:58,         1,DISABLED
ESTADO_OFERTA,6,4,0,100,DATOS_1M,VALID,2024-12-13 17:27:58,         1,DISABLED
ESTRATO,7,4,0,10,DATOS_1M,VALID,2024-12-13 17:27:58,         1,DISABLED
ESTUDIO_FORMAL,129013,2048,0,63,DATA_8M,VALID,2024-12-13 17:27:58,         1,DISABLED
ESTUDIO_NO_FORMAL,5865,55,0,57,DATA_4M,VALID,2024-12-13 17:27:59,         1,DISABLED
EVENTO,75087,256,0,18,DATA_8M,VALID,2024-12-13 17:28:00,         1,DISABLED
EVENTOS,3736,71,0,92,USERS,VALID,2025-06-12 22:05:12,         1,DISABLED
EXPERIENCIAXFUNCION,89021879,271600,0,16,DATA_32M,VALID,2025-08-04 22:07:00,         1,DISABLED
FUENTE_SEG_CURSO,14,4,0,68,DATOS_1M,VALID,2024-12-13 17:29:39,         1,DISABLED
FUENTE_SEG_DEMANDA,29,4,0,89,DATOS_1M,VALID,2024-12-13 17:29:39,         1,DISABLED
FUENTE_SEG_EMPRESA,22,4,0,90,DATOS_1M,VALID,2024-12-13 17:29:39,         1,DISABLED
FUENTE_SEG_OFERTA,72,4,0,89,DATOS_1M,VALID,2024-12-13 17:29:39,         1,DISABLED
FUNCION,5234,93,0,116,DATA_4M,VALID,2024-12-13 17:29:39,         1,DISABLED
FUNCIONARIO,7695,254,0,42,DATA_4M,VALID,2025-02-26 22:03:26,         1,DISABLED
FUNCION_COMPETENCIA_LABORAL,8542,32,0,19,USERS,VALID,2024-12-13 17:29:39,         1,DISABLED
FUNXGRUPO,2591,11,0,15,DATOS_1M,VALID,2024-12-13 17:29:39,         1,DISABLED
FUN_ESP,1,4,0,7,DATOS_1M,VALID,2024-12-13 17:29:39,         1,DISABLED
FUN_POWERBI_REPORT,0,0,0,0,USERS,VALID,2024-12-13 17:29:39,         1,DISABLED
GRUPO,14,4,0,27,DATOS_1M,VALID,2024-12-13 17:29:39,         1,DISABLED
GRUPOXROL,32,4,0,14,DATOS_1M,VALID,2024-12-13 17:29:39,         1,DISABLED
GRUPO_CIIU,193,5,0,64,DATOS_1M,VALID,2024-12-13 17:29:40,         1,DISABLED
GRUPO_META_TABLA,0,0,0,0,DATOS_1M,VALID,2024-12-13 17:29:40,         1,DISABLED
GUIA_TALLER,25,4,0,53,DATOS_1M,VALID,2024-12-13 17:29:40,         1,DISABLED
HIST_MC_BANIN_CONTRATACION,39497,2552,0,404,USERS,VALID,2025-08-06 22:04:50,         1,DISABLED
HIST_MC_BANIN_DEPEN_PRESU,2039,32,0,88,USERS,VALID,2025-03-25 22:07:12,         1,DISABLED
HIST_MC_BANIN_RUBRO,1258,39,0,165,USERS,VALID,2025-08-05 22:04:50,         1,DISABLED
HIS_ARI_DEM,2256013,14336,0,38,USERS,VALID,2024-12-13 17:29:44,         1,DISABLED
HIS_ARI_DEM_2,776353,3834,0,25,USERS,VALID,2024-12-13 17:29:45,         1,DISABLED
HIS_BARRIO_EMP,143033,1024,0,23,DATA_16M,VALID,2024-12-13 17:29:45,         1,DISABLED
HIS_BARRIO_OFT,5938200,26620,0,26,DATA_16M,VALID,2024-12-13 17:29:51,         1,DISABLED
HIS_CIIU_EMP,764240,4096,0,25,DATA_16M,VALID,2024-12-13 17:29:54,         1,DISABLED
HIS_CURSO_OFT,0,0,0,0,USERS,VALID,2024-12-13 17:29:56,         1,DISABLED
HIS_DEMANDA_CNO,6606500,32384,0,24,DATA_64M,VALID,2024-12-13 17:30:02,         1,DISABLED
HIS_DEM_EVENTO,105108,1022,0,61,USERS,VALID,2025-07-31 22:04:15,         1,DISABLED
HIS_DEM_NUMVACANTES,71890,1150,0,105,USERS,VALID,2025-07-22 22:05:07,         1,DISABLED
HIS_ESTADO_CIVIL_OFT,20089040,88060,0,26,DATA_16M,VALID,2024-12-13 17:30:19,         1,DISABLED
HIS_ESTADO_CURSO,369767,1357,0,21,DATA_16M,VALID,2024-12-13 17:30:28,         1,DISABLED
HIS_ESTADO_DEMANDA,11436600,45052,0,23,DATA_16M,VALID,2024-12-13 17:30:36,         1,DISABLED
HIS_ESTADO_EMPRESA,2318247,11256,0,22,DATA_16M,VALID,2024-12-13 17:30:43,         1,DISABLED
HIS_ESTADO_OFERTA,115985207,453676,0,23,N/A,VALID,2024-12-13 17:32:48,         1,N/A
HIS_ESTRATO_OFT,20529213,89088,0,26,DATA_16M,VALID,2024-12-13 17:33:45,         1,DISABLED
HIS_MUNICIPIO_EMP,745573,4096,0,26,DATA_16M,VALID,2024-12-13 17:33:53,         1,DISABLED
HIS_MUNICIPIO_OFT,24620527,118396,0,29,DATA_16M,VALID,2024-12-13 17:34:14,         1,DISABLED
HIS_NAT_EMP,731760,4080,0,23,DATA_16M,VALID,2024-12-13 17:34:24,         1,DISABLED
HIS_NIT_EMPRESA,11656,80,0,36,USERS,VALID,2024-12-13 17:34:26,         1,DISABLED
HIS_NUM_TRAB_EMP,800767,4096,0,23,DATA_16M,VALID,2024-12-13 17:34:27,         1,DISABLED
HIS_OCUP_PREFERENCIA,37015940,221128,0,27,DATA_32M,VALID,2024-12-13 17:35:01,         1,DISABLED
HIS_OFTXPES,2472833,10945,0,28,DATA_16M,VALID,2024-12-13 17:35:17,         1,DISABLED
HIS_ORIENTACION_EMP,703853,18416,0,142,USERS,VALID,2024-12-13 17:35:19,         1,DISABLED
HIS_ORIENTACION_OFT,12360800,261712,0,118,USERS,VALID,2024-12-13 17:35:33,         1,DISABLED
HIS_PER_CARGO_OFT,20678993,88064,0,25,DATA_16M,VALID,2024-12-13 17:35:51,         1,DISABLED
HIS_POS_FAM_OFT,19948927,87040,0,26,DATA_16M,VALID,2024-12-13 17:36:14,         1,DISABLED
HIS_SALARIO_MINIMO,25,4,0,11,DATOS_1M,VALID,2024-12-13 17:36:22,         1,DISABLED
HIS_SEG_CURSO,364173,2509,0,44,DATA_16M,VALID,2024-12-13 17:36:22,         1,DISABLED
HIS_SEG_DEMANDA,13980820,67580,0,31,DATA_16M,VALID,2024-12-13 17:36:30,         1,DISABLED
HIS_SEG_EMPRESA,2416693,17404,0,44,DATA_16M,VALID,2024-12-13 17:36:38,         1,DISABLED
HIS_SEG_OFERTA,171430880,1412730,0,40,N/A,VALID,2024-12-13 17:41:09,         1,N/A
HIS_SISBEN_OFT,1956940,11256,0,28,DATA_16M,VALID,2024-12-13 17:44:52,         1,DISABLED
HIS_SITUACION_OCUP,31575867,124916,0,23,DATA_16M,VALID,2024-12-13 17:45:21,         1,DISABLED
HIS_SUELDO_OFERTA,33535893,172032,0,30,DATA_16M,VALID,2024-12-13 17:46:07,         1,DISABLED
HIS_ZONA_EMP,200913,2032,0,23,DATA_16M,VALID,2024-12-13 17:46:22,         1,DISABLED
HIS_ZONA_OFT,6753907,31732,0,26,DATA_16M,VALID,2024-12-13 17:46:27,         1,DISABLED
IDIOMA,72,4,0,14,DATOS_1M,VALID,2024-12-13 17:46:32,         1,DISABLED
INDICE,11198,95,0,76,DATA_8M,VALID,2024-12-13 17:46:37,         1,DISABLED
INDICE_NO_CALIFICADO,15,19,0,13,DATA_8M,VALID,2024-12-13 17:46:37,         1,DISABLED
INDICE_OCUPACIONAL,7417,428,0,396,DATA_1M,VALID,2024-12-13 17:46:37,         1,DISABLED
INSCRIPCION_CURSO,1750960,12068,0,45,DATA_16M,VALID,2024-12-13 17:46:39,         1,DISABLED
INSCRITOS_2018010120180924,979500,12110,0,82,USERS,VALID,2024-12-13 17:46:45,         1,DISABLED
INSCRITOS_201807,107047,1350,0,82,USERS,VALID,2024-12-13 17:46:45,         1,DISABLED
INSCRITOS_201808,119633,1505,0,83,USERS,VALID,2024-12-13 17:46:46,         1,DISABLED
INSCRITOS_201809,105753,1315,0,83,USERS,VALID,2024-12-13 17:46:46,         1,DISABLED
INSCRITOS_201810,125093,1589,0,83,USERS,VALID,2024-12-13 17:46:46,         1,DISABLED
INSCRITOS_201811,122333,1546,0,83,USERS,VALID,2024-12-13 17:46:46,         1,DISABLED
INSCRITOS_201812,29113,368,0,84,USERS,VALID,2024-12-13 17:46:47,         1,DISABLED
INSCRITOS_201901,15495,247,0,105,USERS,VALID,2024-12-13 17:46:47,         1,DISABLED
INSCRITOS_201902,56933,878,0,102,USERS,VALID,2024-12-13 17:46:47,         1,DISABLED
INSCRITOS_201903,94827,1453,0,102,USERS,VALID,2024-12-13 17:46:47,         1,DISABLED
INSCRITOS_201904,121447,1876,0,103,USERS,VALID,2024-12-13 17:46:47,         1,DISABLED
INSCRITOS_201905,133020,2051,0,102,USERS,VALID,2024-12-13 17:46:48,         1,DISABLED
INSCRITOS_201906,91580,1395,0,102,USERS,VALID,2024-12-13 17:46:48,         1,DISABLED
INSCRITOS_201907,95647,1468,0,103,USERS,VALID,2024-12-13 17:46:48,         1,DISABLED
INSCRITOS_201908,82267,1272,0,104,USERS,VALID,2024-12-13 17:46:48,         1,DISABLED
INSCRITOS_201909,82253,1249,0,104,USERS,VALID,2024-12-13 17:46:49,         1,DISABLED
INSCRITOS_201910,97073,1515,0,104,USERS,VALID,2024-12-13 17:46:49,         1,DISABLED
INSCRITOS_201911,58033,907,0,104,USERS,VALID,2024-12-13 17:46:49,         1,DISABLED
INSCRITOS_201912,32700,506,0,103,USERS,VALID,2024-12-13 17:46:49,         1,DISABLED
INSCRITOS_202001,11680,189,0,104,USERS,VALID,2024-12-13 17:46:49,         1,DISABLED
INSTITUCION,25407,258,0,63,DATA_8M,VALID,2024-12-13 17:46:49,         1,DISABLED
INSTRUCTOR_ECAP,13551,73,0,31,DATA_4M,VALID,2024-12-13 17:46:50,         1,DISABLED
INVITACION,131967,659,0,30,USERS,VALID,2024-12-13 17:46:50,         1,DISABLED
JORNADA_TRABAJO,3,4,0,21,DATOS_1M,VALID,2024-12-13 17:46:51,         1,DISABLED
JOVENES_EN_PAZ,1492,43,0,206,USERS,VALID,2025-03-01 14:01:32,         1,DISABLED
LICENCIA_CONDUCCION,9,4,0,68,DATOS_1M,VALID,2024-12-13 17:46:52,         1,DISABLED
LISTA_OFERTAS_TMP,0,0,0,0,N/A,VALID,N/A,         1,DISABLED
LISTA_ROTACION_DEF,78,19,0,29,DATA_16M,VALID,2024-12-13 17:46:52,         1,DISABLED
LISTA_ROTACION_OFT,10730,71,0,31,DATA_16M,VALID,2025-07-17 22:04:53,         1,DISABLED
LISTA_ROTACION_ZONAGEO,243,20,0,30,DATA_16M,VALID,2024-12-13 17:46:52,         1,DISABLED
LOG_ADM_CONTENIDO,0,0,0,0,DATA_64M,VALID,2024-12-13 17:46:55,         1,DISABLED
LOG_DEM_ETD_FORMAL,2558993,16384,0,32,DATA_64M,VALID,2024-12-13 17:46:58,         1,DISABLED
LOG_DEM_ETD_NO_FORMAL,488327,8192,0,30,DATA_64M,VALID,2024-12-13 17:47:01,         1,DISABLED
LOG_DEM_IDIOMA,87893,32672,0,26,DATA_64M,VALID,2024-12-13 17:47:03,         1,DISABLED
LOG_MC_ASPIRACION,242673,2066,0,54,USERS,VALID,2024-12-13 17:47:04,         1,DISABLED
LOG_MC_ASPN_ESTAB,330287,2275,0,44,USERS,VALID,2024-12-13 17:47:04,         1,DISABLED
LOG_MC_ASPRNT_EN_FRM,395313,14744,0,261,USERS,VALID,2024-12-13 17:47:06,         1,DISABLED
LOG_MC_BANIN_ASPIRACION,542530,3956,0,46,USERS,VALID,2025-02-11 22:03:28,         1,DISABLED
LOG_MC_ESTAB_CNVCTRIA,537,11,0,97,USERS,VALID,2024-12-13 17:47:07,         1,DISABLED
LOG_MC_PRESELECCION,199527,2353,0,77,USERS,VALID,2024-12-13 17:47:08,         1,DISABLED
LOG_MC_REQ_CAPTURADO,3484353,68507,0,132,USERS,VALID,2024-12-13 17:47:17,         1,DISABLED
LOG_OFT_CUESTIONARIO,1098347,4095,0,22,DATA_64M,VALID,2024-12-13 17:47:18,         1,DISABLED
LOG_OFT_ETD_FORMAL,18097600,98272,0,31,DATA_64M,VALID,2024-12-13 17:47:35,         1,DISABLED
LOG_OFT_ETD_FORMAL_ALT,27265740,376448,0,92,DATA_64M,VALID,2024-12-13 17:48:28,         1,DISABLED
LOG_OFT_ETD_NO_FORMAL,12920887,122784,0,47,DATA_64M,VALID,2024-12-13 17:49:18,         1,DISABLED
LOG_OFT_ETD_NO_FORMAL_ALT,31366660,425952,0,85,DATA_64M,VALID,2024-12-13 17:50:14,         1,DISABLED
LOG_OFT_EXPERIENCIA,53504407,286720,0,34,DATA_64M,VALID,2024-12-13 17:51:31,         1,DISABLED
LOG_OFT_IDIOMA,6873987,32768,0,27,DATA_64M,VALID,2024-12-13 17:52:00,         1,DISABLED
LOG_REQ_BANIN,6535454,116616,0,120,USERS,VALID,2025-02-13 22:03:36,         1,DISABLED
MC_ACCESOS_FASE_1,3311,9,0,6,USERS,VALID,2024-12-13 17:52:16,         1,DISABLED
MC_ACCION_BANIN,4,4,0,10,USERS,VALID,2024-12-13 17:52:16,         1,DISABLED
MC_ARCHIVO_ANEXO,0,0,0,0,USERS,VALID,2024-12-13 17:52:16,         1,DISABLED
MC_ASPIRACION,54000,319,0,36,USERS,VALID,2024-12-13 17:52:16,         1,DISABLED
MC_ASPIRANTE,55000,382,0,19,USERS,VALID,2024-12-13 17:52:17,         1,DISABLED
MC_ASPN_ESTAB,105300,394,0,21,USERS,VALID,2024-12-13 17:52:17,         1,DISABLED
MC_ASPN_MPO,0,0,0,0,USERS,VALID,2024-12-13 17:52:17,         1,DISABLED
MC_ASPRNT_EN_FRM,47140,2084,0,304,USERS,VALID,2024-12-13 17:52:17,         1,DISABLED
MC_BANIN_ACCESOS_BANCO,1275,23,0,14,USERS,VALID,2025-07-12 10:05:46,         1,DISABLED
MC_BANIN_ASPIRANTE,216440,1402,0,37,USERS,VALID,2025-07-09 22:04:40,         1,DISABLED
MC_BANIN_ASPIRANTE_HIST,293962,3314,0,75,USERS,VALID,2025-04-22 22:06:41,         1,DISABLED
MC_BANIN_CAMBIO_ESTADO_EMAIL,65031,510,0,41,USERS,VALID,2025-03-07 22:05:40,         1,DISABLED
MC_BANIN_COMP_LABORAL,6383,651,0,657,USERS,VALID,2024-12-13 17:52:19,         1,DISABLED
MC_BANIN_COMP_LABORAL_2022,72758,8099,0,727,USERS,VALID,2024-12-20 22:01:32,         1,DISABLED
MC_BANIN_CONTRATACION,34617,512,0,91,USERS,VALID,2025-05-27 22:00:17,         1,DISABLED
MC_BANIN_CONTRATADOS_2020,19580,71,0,19,USERS,VALID,2024-12-13 17:52:19,         1,DISABLED
MC_BANIN_DEPENDENCIA,5,4,0,82,USERS,VALID,2025-05-27 22:08:47,         1,DISABLED
MC_BANIN_DEPEN_PRESU,1656,16,0,51,USERS,VALID,2025-08-21 22:06:23,         1,DISABLED
MC_BANIN_DIVULGACION_PERFIL,7,8,0,107,USERS,VALID,2025-08-09 14:04:55,         1,DISABLED
MC_BANIN_ESTADOS_ASPIRANTE,12,4,0,83,USERS,VALID,2024-12-13 17:52:20,         1,DISABLED
MC_BANIN_FORMACION,7,8,0,27,USERS,VALID,2025-06-09 22:05:00,         1,DISABLED
MC_BANIN_MODALIDAD_CONTRA,2,4,0,24,USERS,VALID,2024-12-13 17:52:20,         1,DISABLED
MC_BANIN_NIVEL_ACADEMICO,10,4,0,25,USERS,VALID,2024-12-13 17:52:20,         1,DISABLED
MC_BANIN_NIVEL_EDUCACION,12,4,0,60,USERS,VALID,2024-12-13 17:52:20,         1,DISABLED
MC_BANIN_PRESELECCION,775891,6004,0,49,USERS,VALID,2025-03-04 22:04:58,         1,DISABLED
MC_BANIN_PRESELECCION_HIST,587431,4592,0,50,USERS,VALID,2025-06-11 22:05:11,         1,DISABLED
MC_BANIN_PROGRAMA,3326,50,0,91,USERS,VALID,2024-12-13 17:52:22,         1,DISABLED
MC_BANIN_PROGRAMA_2022,34066,503,0,100,USERS,VALID,2025-05-27 22:00:18,         1,DISABLED
MC_BANIN_PROGRAMA_COMP_LAB,6383,31,0,25,USERS,VALID,2024-12-13 17:52:22,         1,DISABLED
MC_BANIN_PROG_CENTRO,2010,12,0,24,USERS,VALID,2024-12-13 17:52:22,         1,DISABLED
MC_BANIN_PROG_COMP_LAB_2022,72351,376,0,28,USERS,VALID,2024-12-20 22:01:32,         1,DISABLED
MC_BANIN_PROG_DEMANDA,296,5,0,22,USERS,VALID,2024-12-13 17:52:22,         1,DISABLED
MC_BANIN_PROG_DEMANDA_2022,1529,16,0,22,USERS,VALID,2025-05-26 22:09:41,         1,DISABLED
MC_BANIN_PUNTAJES,132993,1521,0,76,USERS,VALID,2024-12-13 17:52:23,         1,DISABLED
MC_BANIN_PUNTAJE_AUTO_HV,501451,3826,0,50,USERS,VALID,2025-07-29 22:04:12,         1,DISABLED
MC_BANIN_RED,35,4,0,41,USERS,VALID,2024-12-13 17:52:24,         1,DISABLED
MC_BANIN_RED_2022,52,4,0,54,USERS,VALID,2024-12-13 17:52:24,         1,DISABLED
MC_BANIN_RED_CENTRO,1150,8,0,23,USERS,VALID,2024-12-13 17:52:24,         1,DISABLED
MC_BANIN_RED_CENTRO_2022,3139,16,0,23,USERS,VALID,2024-12-13 17:52:24,         1,DISABLED
MC_BANIN_REGIONAL_ESPECIAL,34,4,0,9,USERS,VALID,2024-12-13 17:52:24,         1,DISABLED
MC_BANIN_REQ_CAPTURADO,7926081,155599,0,128,USERS,VALID,2025-04-25 22:06:35,         1,DISABLED
MC_BANIN_RUBRO,1612,32,0,96,USERS,VALID,2025-08-08 22:05:14,         1,DISABLED
MC_BANIN_TIPO_FORMACION,4,4,0,47,USERS,VALID,2024-12-13 17:52:40,         1,DISABLED
MC_BANIN_TIPO_PUNTAJE,4,4,0,38,USERS,VALID,2024-12-13 17:52:40,         1,DISABLED
MC_BANIN_TIPO_TARIFA,44,4,0,28,USERS,VALID,2025-07-28 22:04:36,         1,DISABLED
MC_BANIN_TIPO_ZONA_TARIFA,2,4,0,27,USERS,VALID,2024-12-13 17:52:40,         1,DISABLED
MC_CONVOCATORIA,7,8,0,340,USERS,VALID,2025-07-28 22:04:38,         1,DISABLED
MC_ESTAB_CNVCTRIA,118,5,0,76,USERS,VALID,2024-12-13 17:52:40,         1,DISABLED
MC_ESTADO_ASPRCN,2,4,0,84,USERS,VALID,2024-12-13 17:52:40,         1,DISABLED
MC_ESTADO_PRES,4,4,0,59,USERS,VALID,2024-12-13 17:52:40,         1,DISABLED
MC_JORNADA,5,4,0,27,USERS,VALID,2024-12-13 17:52:40,         1,DISABLED
MC_MCPIO_CNVCTRIA,73,4,0,25,USERS,VALID,2024-12-13 17:52:40,         1,DISABLED
MC_NBC,274,8,0,104,USERS,VALID,2024-12-13 17:52:40,         1,DISABLED
MC_NBC_TIT,6905,36,0,27,USERS,VALID,2024-12-13 17:52:40,         1,DISABLED
MC_NVL_ACA,605,6,0,24,USERS,VALID,2024-12-13 17:52:40,         1,DISABLED
MC_NVL_ACA_NBC,2681,15,0,25,USERS,VALID,2024-12-13 17:52:40,         1,DISABLED
MC_PERFIL,165,12,0,351,USERS,VALID,2024-12-13 17:52:40,         1,DISABLED
MC_PRESELECCION,216013,1710,0,51,USERS,VALID,2024-12-13 17:52:41,         1,DISABLED
MC_REQ_CAPTURADO,562453,8753,0,109,USERS,VALID,2024-12-13 17:52:42,         1,DISABLED
MC_TIPO_NIV_FORMACION,9,4,0,31,USERS,VALID,2024-12-13 17:52:42,         1,DISABLED
MC_TIPO_NVL_ACA,5,4,0,36,USERS,VALID,2024-12-13 17:52:42,         1,DISABLED
MC_TIPO_REQUISITO,10,4,0,22,USERS,VALID,2024-12-13 17:52:42,         1,DISABLED
MC_TITULACION,5118,54,0,62,USERS,VALID,2024-12-13 17:52:42,         1,DISABLED
MEDICION_CONEXIONES,1331,8,0,20,USERS,VALID,2024-12-13 17:52:42,         1,DISABLED
MED_BUSQUEDA_EMPLEO,8,4,0,21,DATOS_1M,VALID,2024-12-13 17:52:42,         1,DISABLED
META_TABLA,0,0,0,0,DATOS_1M,VALID,2024-12-13 17:52:43,         1,DISABLED
METODOLOGIA,3,4,0,16,DATOS_1M,VALID,2024-12-13 17:52:44,         1,DISABLED
MINTRABAJO_PUNTO,33,4,0,8,USERS,VALID,2024-12-13 17:53:01,         1,DISABLED
MINTRABAJO_SUELDO,18,4,0,30,USERS,VALID,2024-12-13 17:53:01,         1,DISABLED
MINTRABAJO_TIPO_DOC,2,4,0,6,USERS,VALID,2024-12-13 17:53:01,         1,DISABLED
MODALIDAD,3,4,0,17,DATOS_1M,VALID,2024-12-13 17:53:01,         1,DISABLED
MUNICIPIO,4531,21,0,20,DATA_4M,VALID,2024-12-13 17:53:01,         1,DISABLED
MUNICIPIOS_CARACTERIZADOS,1142,7,0,18,USERS,VALID,2024-12-13 17:53:01,         1,DISABLED
NIVEL_ACADEMICO,13,4,0,45,DATOS_1M,VALID,2024-12-13 17:53:02,         1,DISABLED
NIVEL_CUALIFICACION,5,4,0,232,DATOS_1M,VALID,2024-12-13 17:53:02,         1,DISABLED
NIVEL_CUALIFICACION_NUM,7,4,0,4,DATOS_1M,VALID,2024-12-13 17:53:02,         1,DISABLED
NIVEL_ESCOLAR,5,4,0,12,DATOS_1M,VALID,2024-12-13 17:53:02,         1,DISABLED
OCUPACION,610,40,0,392,DATOS_1M,VALID,2024-12-13 17:53:04,         1,DISABLED
OCUPACIONES_ECO_NAR,364,12,0,164,USERS,VALID,2024-12-13 17:53:04,         1,DISABLED
OCUPACION_RELACIONADA,1667,13,0,35,USERS,VALID,2024-12-13 17:53:04,         1,DISABLED
OFERTA,18974463,613992,0,256,DATA_64M,VALID,2025-06-25 22:06:32,         1,DISABLED
OFERTA_ANULADA,0,1006,0,0,DATA_16M,VALID,2025-08-01 22:00:13,         1,DISABLED
OFERTA_CURSO,74927,1593,0,143,USERS,VALID,2024-12-13 17:57:21,         1,DISABLED
OFERTA_SOFIA,0,0,0,0,USERS,VALID,2024-12-13 17:57:21,         1,DISABLED
OFTXMBE,16942600,54272,0,18,DATA_16M,VALID,2024-12-13 17:57:31,         1,DISABLED
OFTXPES,10580520,54260,0,29,DATA_16M,VALID,2024-12-13 17:57:49,         1,DISABLED
OFT_COMP_LABORAL,1289407,5118,0,23,USERS,VALID,2024-12-13 17:57:57,         1,DISABLED
OFT_CORREO_DEM,2826780,9109,0,18,DATA_32M,VALID,2024-12-13 17:57:59,         1,DISABLED
OFT_CTL_CONSULTA_CUR,0,0,0,0,DATA_16M,VALID,2024-12-13 17:58:01,         1,DISABLED
OFT_CTL_CONSULTA_DEM,26246240,130816,0,35,DATA_32M,VALID,2024-12-13 17:58:31,         1,DISABLED
OFT_CTL_SOCIAL_QUEJA,412,37,0,314,DATA_16M,VALID,2024-12-13 17:59:20,         1,DISABLED
OFT_ESTUDIOS,0,0,0,0,INDEX_TEXT,VALID,2024-12-13 17:59:20,         1,DISABLED
OFT_ETD_FORMAL,8313853,73712,0,57,DATA_32M,VALID,2024-12-13 17:59:29,         1,DISABLED
OFT_ETD_FORMAL_ALT,7146725,172000,0,133,DATA_32M,VALID,2025-06-05 22:05:39,         1,DISABLED
OFT_ETD_NO_FORMAL,4822987,63476,0,86,DATA_32M,VALID,2024-12-13 18:00:07,         1,DISABLED
OFT_ETD_NO_FORMAL_ALT,9718714,204792,0,123,DATA_32M,VALID,2025-07-31 22:04:32,         1,DISABLED
OFT_EXPERIENCIA,20183960,482536,0,161,DATA_64M,VALID,2024-12-13 18:01:52,         1,DISABLED
OFT_IDIOMA,2826467,19448,0,40,DATA_32M,VALID,2024-12-13 18:02:05,         1,DISABLED
OFT_INTERES_FORMACION,7817,123,0,76,DATA_4M,VALID,2024-12-13 18:02:06,         1,DISABLED
OFT_LICENCIA,2181433,6144,0,15,DATA_32M,VALID,2024-12-13 18:02:07,         1,DISABLED
OFT_MIGRACION,428161,7802,0,120,USERS,VALID,2025-07-25 22:05:01,         1,DISABLED
OFT_NOTAS_PERFIL,18935760,385016,0,137,DATA_32M,VALID,2025-06-16 22:05:30,         1,DISABLED
OFT_ORIENTACION,267953,3823,0,97,DATA_64M,VALID,2024-12-13 18:02:23,         1,DISABLED
OFT_PASANTIA,655213,18420,0,159,USERS,VALID,2024-12-13 18:02:26,         1,DISABLED
OFT_PREFERENCIA_OCUP,33036500,180224,0,34,DATA_64M,VALID,2024-12-13 18:02:56,         1,DISABLED
OFT_TALLER,13553840,57280,0,17,DATA_64M,VALID,2024-12-13 18:04:11,         1,DISABLED
OFT_VEHICULO,1824407,6128,0,15,DATA_32M,VALID,2024-12-13 18:04:20,         1,DISABLED
ORIENTACION_PROFESIONAL,8,5,0,54,DATA_1M,VALID,2024-12-13 18:04:25,         1,DISABLED
ORIENTADOS_201901,7176,119,0,104,USERS,VALID,2024-12-13 18:04:25,         1,DISABLED
ORIENTADOS_201902,64693,997,0,103,USERS,VALID,2024-12-13 18:04:26,         1,DISABLED
ORIENTADOS_201903,109767,1669,0,102,USERS,VALID,2024-12-13 18:04:26,         1,DISABLED
ORIENTADOS_201904,87480,1342,0,102,USERS,VALID,2024-12-13 18:04:26,         1,DISABLED
ORIENTADOS_201905,121480,1857,0,102,USERS,VALID,2024-12-13 18:04:27,         1,DISABLED
ORIENTADOS_201906,91813,1407,0,103,USERS,VALID,2024-12-13 18:04:27,         1,DISABLED
ORIENTADOS_201907,96720,1494,0,103,USERS,VALID,2024-12-13 18:04:27,         1,DISABLED
ORIENTADOS_201908,83133,1276,0,103,USERS,VALID,2024-12-13 18:04:27,         1,DISABLED
ORIENTADOS_201909,64393,983,0,103,USERS,VALID,2024-12-13 18:04:28,         1,DISABLED
ORIENTADOS_201910,64847,1009,0,103,USERS,VALID,2024-12-13 18:04:28,         1,DISABLED
ORIENTADOS_201911,58353,893,0,102,USERS,VALID,2024-12-13 18:04:28,         1,DISABLED
ORIENTADOS_201912,31927,498,0,101,USERS,VALID,2024-12-13 18:04:28,         1,DISABLED
ORIENTADOS_202001,10458,169,0,103,USERS,VALID,2024-12-13 18:04:28,         1,DISABLED
ORIGEN,26,4,0,28,DATOS_1M,VALID,2024-12-13 18:04:28,         1,DISABLED
PAIS,237,4,0,19,DATOS_1M,VALID,2024-12-13 18:04:28,         1,DISABLED
PARAMETRO,104,7,0,211,DATOS_1M,VALID,2024-12-13 18:04:29,         1,DISABLED
PARAMETROS,263,12,0,211,USERS,VALID,2024-12-13 18:04:29,         1,DISABLED
PASANTIAXFUNCION,3417260,11260,0,15,USERS,VALID,2024-12-13 18:04:31,         1,DISABLED
PERSONAL_DE_CONVENIO,4,4,0,48,USERS,VALID,2024-12-13 18:04:34,         1,DISABLED
PESXCSPE,15487,44,0,14,DATOS_1M,VALID,2024-12-13 18:04:34,         1,DISABLED
PESXREG,1466,7,0,10,DATOS_1M,VALID,2024-12-13 18:04:34,         1,DISABLED
PLANILLA_TALLER,11001,152,0,82,DATA_16M,VALID,2024-12-13 18:04:34,         1,DISABLED
PLAN_TABLE,716,13,0,89,USERS,VALID,2024-12-13 18:04:34,         1,DISABLED
PLAZAS_PROV,0,0,0,0,USERS,VALID,2024-12-13 18:04:34,         1,DISABLED
PLTXPES,10873,71,0,30,DATA_16M,VALID,2024-12-13 18:04:35,         1,DISABLED
POSICION_FAMILIAR,4,4,0,20,DATOS_1M,VALID,2024-12-13 18:04:35,         1,DISABLED
PROGRAMA_ESPECIAL,236,10,0,196,DATOS_1M,VALID,2024-12-13 18:04:36,         1,DISABLED
PROSP_SOCIAL_DIANA_20190328,11893467,24519,0,10,USERS,VALID,2024-12-13 18:04:43,         1,DISABLED
PROSP_SOCIAL_OFT_20190328,0,0,0,0,USERS,VALID,2024-12-13 18:04:43,         1,DISABLED
RANGO_SALARIAL,18,4,0,29,USERS,VALID,2024-12-13 18:04:44,         1,DISABLED
RED_UNIDOS,2244433,12343,0,34,USERS,VALID,2024-12-13 18:04:46,         1,DISABLED
RED_UNIDOS_20201029,9431627,42963,0,27,USERS,VALID,2024-12-13 18:04:54,         1,DISABLED
RED_UNIDOS_DIANA_2018,2234520,4514,0,9,USERS,VALID,2024-12-13 18:04:55,         1,DISABLED
RED_UNIDOS_GINA_29_06_2018,2844887,7245,0,13,USERS,VALID,2024-12-13 18:04:57,         1,DISABLED
REGIONAL,40,4,0,109,DATOS_1M,VALID,2024-12-13 18:04:57,         1,DISABLED
REGISTRADURIA_CARGA,0,0,0,0,USERS,VALID,2024-12-13 18:04:57,         1,DISABLED
REGISTRADURIA_CONF,1,4,0,3,USERS,VALID,2024-12-13 18:04:57,         1,DISABLED
REGISTRADURIA_DPTO,33,4,0,9,USERS,VALID,2024-12-13 18:04:57,         1,DISABLED
REMISION_CARGUE_HIDROCARBUROS,2885134,19444,0,42,USERS,VALID,2025-06-11 22:05:15,         1,DISABLED
REMISION_HIDROCARBUROS,89753,510,0,27,USERS,VALID,2025-04-29 22:08:32,         1,DISABLED
REPORTE,32,4,0,146,DATOS_1M,VALID,2024-12-13 18:05:02,         1,DISABLED
REPORTES_XML,12,4,0,645,USERS,VALID,2025-05-13 22:09:41,         1,DISABLED
REPORTE_SEG,8,5,0,1048,DATOS_1M,VALID,2024-12-13 18:05:02,         1,DISABLED
REP_INSCRITOS,0,0,0,0,USERS,VALID,2024-12-13 18:05:11,         1,DISABLED
REWRITE_TABLE,0,0,0,0,USERS,VALID,2024-12-13 18:05:12,         1,DISABLED
ROL,11,4,0,25,DATOS_1M,VALID,2024-12-13 18:05:12,         1,DISABLED
ROLXGRUPO_MT,0,0,0,0,DATOS_1M,VALID,2024-12-13 18:05:12,         1,DISABLED
RUES_02092021,0,0,0,0,USERS,VALID,2024-12-13 18:05:12,         1,DISABLED
RUR,97513,458,0,27,USERS,VALID,2024-12-13 18:05:13,         1,DISABLED
RUR_20190614,12898,29,0,9,USERS,VALID,2024-12-13 18:05:13,         1,DISABLED
RUR_20190831,22720,52,0,9,USERS,VALID,2024-12-13 18:05:13,         1,DISABLED
RUR_20191231-noUsada,23160,52,0,9,USERS,VALID,2024-12-13 18:05:13,         1,DISABLED
RUR_DIC_2018,19333,35,0,6,USERS,VALID,2024-12-13 18:05:13,         1,DISABLED
RUV,9184767,53461,0,37,USERS,VALID,2024-12-13 18:05:22,         1,DISABLED
RUV_20180420,7348513,29342,0,23,USERS,VALID,2024-12-13 18:05:35,         1,DISABLED
RUV_20180814,7388793,29423,0,23,USERS,VALID,2024-12-13 18:05:44,         1,DISABLED
RUV_20181012,7395207,29562,0,23,USERS,VALID,2024-12-13 18:05:54,         1,DISABLED
RUV_20191017,7865447,32235,0,24,USERS,VALID,2024-12-13 18:06:05,         1,DISABLED
RUV_AUX,8888827,29612,0,19,USERS,VALID,2024-12-13 18:06:11,         1,DISABLED
RUV_CARGA,0,0,0,0,USERS,VALID,2024-12-13 18:06:11,         1,DISABLED
RUV_INSERT,232633,795,0,19,USERS,VALID,2024-12-13 18:06:12,         1,DISABLED
SECCION_CIIU,17,4,0,61,DATOS_1M,VALID,2024-12-13 18:06:16,         1,DISABLED
SEC_JASPERTOKEN,494100,3368,0,43,USERS,VALID,2024-12-13 18:06:16,         1,DISABLED
SEC_MENU,111,4,0,58,USERS,VALID,2024-12-13 18:06:16,         1,DISABLED
SEC_MENU_RECURSO,249,4,0,15,USERS,VALID,2024-12-13 18:06:16,         1,DISABLED
SEC_MENU_ROL,660,8,0,23,USERS,VALID,2025-07-10 22:05:02,         1,DISABLED
SEC_RECURSO,402,6,0,35,USERS,VALID,2024-12-13 18:06:16,         1,DISABLED
SEC_RECURSO_ROL,2225,16,0,21,USERS,VALID,2025-05-20 22:06:57,         1,DISABLED
SEC_ROL,21,8,0,21,USERS,VALID,2025-08-21 22:06:20,         1,DISABLED
SEC_USUARIO,19783641,262768,0,90,USERS,VALID,2025-05-13 22:10:40,         1,DISABLED
SEC_USUARIO_ROL,19357133,62456,0,17,USERS,VALID,2024-12-13 18:07:13,         1,DISABLED
SEC_USU_EVENT,253337693,1448184,0,37,USERS,VALID,2024-12-13 18:10:08,         1,DISABLED
SENA_UNIDOS,9430967,44301,0,27,USERS,VALID,2024-12-13 18:10:56,         1,DISABLED
SER_201712,187387,311,0,6,USERS,VALID,2024-12-13 18:10:56,         1,DISABLED
SER_201806,116107,194,0,6,USERS,VALID,2024-12-13 18:10:56,         1,DISABLED
SER_201807,144253,240,0,6,USERS,VALID,2024-12-13 18:10:56,         1,DISABLED
SER_201808,188707,311,0,6,USERS,VALID,2024-12-13 18:10:56,         1,DISABLED
SER_201809,174267,288,0,6,USERS,VALID,2024-12-13 18:10:56,         1,DISABLED
SER_201810,184320,303,0,6,USERS,VALID,2024-12-13 18:10:57,         1,DISABLED
SER_201811,187880,310,0,6,USERS,VALID,2024-12-13 18:10:57,         1,DISABLED
SER_201812,188560,311,0,6,USERS,VALID,2024-12-13 18:10:57,         1,DISABLED
SER_201812_2,0,0,0,0,USERS,VALID,2024-12-13 18:10:57,         1,DISABLED
SITUACION_OCUPACIONAL,3,4,0,72,DATOS_1M,VALID,2024-12-13 18:10:57,         1,DISABLED
SMS_CACHE,0,0,0,0,USERS,VALID,2024-12-13 18:10:57,         1,DISABLED
SMS_CAMPANA,805,29,0,212,USERS,VALID,2024-12-13 18:10:57,         1,DISABLED
SMS_CAMPANA_DETALLE,778980,8300,0,71,USERS,VALID,2024-12-13 18:10:59,         1,DISABLED
SMS_CONFIG,1,4,0,8,USERS,VALID,2024-12-13 18:10:59,         1,DISABLED
SOF_CAP_NOVEDAD,0,0,0,0,USERS,VALID,2024-12-13 18:11:00,         1,DISABLED
SOF_OFERTA_INSCRIPCION,779,25,0,183,USERS,VALID,2024-12-13 18:11:00,         1,DISABLED
SOF_OFERTA_INSCRIPCION_FICHA,73847,601,0,50,USERS,VALID,2024-12-13 18:11:00,         1,DISABLED
SOF_TIPO_FORMACION,0,0,0,0,USERS,VALID,2024-12-13 18:11:00,         1,DISABLED
SOF_TIPO_OFERTA,0,0,0,0,USERS,VALID,2024-12-13 18:11:00,         1,DISABLED
SOF_TIPO_PROGRAMA,8,4,0,19,USERS,VALID,2024-12-13 18:11:00,         1,DISABLED
SOLICITUDES_BUSQUEDA,7456,510,0,304,USERS,VALID,2025-08-26 22:00:11,         1,DISABLED
SOLICITUDES_BUSQUEDA_PORTAL,9809,382,0,168,USERS,VALID,2025-08-26 22:00:11,         1,DISABLED
SOLICITUD_GENERAL_EXP,4964,20,0,16,USERS,VALID,2024-12-13 18:11:01,         1,DISABLED
SOLICITUD_STAND_EMP,884,10,0,48,USERS,VALID,2024-12-13 18:11:01,         1,DISABLED
SOLICITUD_STAND_R,4080,15,0,16,USERS,VALID,2024-12-13 18:11:01,         1,DISABLED
SPE_CARGA_RUV,0,0,0,0,USERS,VALID,2024-12-13 18:11:02,         1,DISABLED
SPE_RUV_TMP,0,0,0,0,USERS,VALID,2024-12-13 18:11:02,         1,DISABLED
SUELDO,21,8,0,40,USERS,VALID,2025-03-19 22:00:15,         1,DISABLED
SYS_ARCHIVO,20206120,606200,0,206,USERS,VALID,2024-12-13 18:13:04,         1,DISABLED
SYS_ARCHIVO_DESCARGA,22781513,286720,0,84,USERS,VALID,2024-12-13 18:13:30,         1,DISABLED
SYS_ARCHIVO_PERMISO,2083900,20480,0,62,USERS,VALID,2024-12-13 18:13:49,         1,DISABLED
TALLER,0,0,0,0,USERS,VALID,2024-12-13 18:13:51,         1,DISABLED
TAMANIO_REGIONAL,33,4,0,16,USERS,VALID,2024-12-13 18:13:51,         1,DISABLED
TEAM_AWS,814,30,0,221,USERS,VALID,2024-12-13 18:13:51,         1,DISABLED
TEMA_CAPACITACION,2170,67,0,157,DATA_8M,VALID,2024-12-13 18:13:51,         1,DISABLED
TEMA_CAPACITACION_OFERENTE,7866,59,0,32,DATA_8M,VALID,2024-12-13 18:13:52,         1,DISABLED
TEM_OFT_PREFERENCIA_OCUP,0,0,0,0,N/A,VALID,2024-12-13 18:14:10,         1,N/A
TIPO_CARACTERIZACION,5,4,0,26,USERS,VALID,2024-12-13 18:14:10,         1,DISABLED
TIPO_CONTRATO,8,4,0,64,DATOS_1M,VALID,2024-12-13 18:14:10,         1,DISABLED
TIPO_CORREO,15,4,0,43,DATOS_1M,VALID,2024-12-13 18:14:10,         1,DISABLED
TIPO_CSPE,10,5,0,21,DATOS_1M,VALID,2024-12-13 18:14:10,         1,DISABLED
TIPO_DOC_IDENT,9,4,0,47,DATOS_1M,VALID,2024-12-13 18:14:10,         1,DISABLED
TIPO_EMPRESA,14,4,0,79,DATOS_1M,VALID,2024-12-13 18:14:10,         1,DISABLED
TIPO_ESTUDIO,10,8,0,27,DATOS_1M,VALID,2025-06-27 22:03:50,         1,DISABLED
TIPO_EVENTO,33,4,0,52,DATOS_1M,VALID,2024-12-13 18:14:10,         1,DISABLED
TIPO_EVENTO_APE,11,4,0,35,USERS,VALID,2024-12-13 18:14:10,         1,DISABLED
TIPO_ORIENTACION,11,4,0,43,USERS,VALID,2024-12-13 18:14:10,         1,DISABLED
TIPO_ORIENTACION_DET,32,4,0,53,USERS,VALID,2024-12-13 18:14:10,         1,DISABLED
TIPO_ORIENTACION_EMIENTO,33,4,0,77,USERS,VALID,2024-12-13 18:14:10,         1,DISABLED
TIPO_PES,11,5,0,30,DATOS_1M,VALID,2024-12-13 18:14:10,         1,DISABLED
TIPO_POBLACION_SOFIA_RUV,14,4,0,44,USERS,VALID,2024-12-13 18:14:10,         1,DISABLED
TIPO_SUELDO,5,4,0,63,DATOS_1M,VALID,2024-12-13 18:14:10,         1,DISABLED
TITULO,10748,1024,0,62,DATA_8M,VALID,2024-12-13 18:14:10,         1,DISABLED
TITULO_AGRUPACION,10271,31,0,14,USERS,VALID,2024-12-13 18:14:10,         1,DISABLED
TITULO_GRUPO,3334,26,0,42,USERS,VALID,2024-12-13 18:14:10,         1,DISABLED
TITULO_RELACIONADO,47873,307,0,16,N/A,VALID,2024-12-13 18:14:10,         1,N/A
TITULO_RELACIONADO_BACK,24473,69,0,10,DATA_8M,VALID,2024-12-13 18:14:11,         1,DISABLED
TMP_SEQ_LIST,135,4,0,37,USERS,VALID,2024-12-13 18:14:11,         1,DISABLED
URL_ROL,198,5,0,46,DATOS_1M,VALID,2024-12-13 18:14:12,         1,DISABLED
URL_ROL_BAC,107,35,0,49,DATA_64M,VALID,2024-12-13 18:14:13,         1,DISABLED
USU_CARACTERIZACION,19180220,81916,0,24,USERS,VALID,2024-12-13 18:14:32,         1,DISABLED
VACANTE,2577760,24544,0,25,DATA_64M,VALID,2024-12-13 18:14:35,         1,DISABLED
VARIABLE_CRUCE,20,4,0,87,DATOS_1M,VALID,2024-12-13 18:14:37,         1,DISABLED
VEHICULO,15,4,0,61,DATOS_1M,VALID,2024-12-13 18:14:37,         1,DISABLED
VERIFICAR_EMPRESA_ORI,13767,382,0,113,USERS,VALID,2025-08-22 22:04:41,         1,DISABLED
WL_SERVLET_SESSIONS,12030,11914972,0,87,USERS,VALID,2025-08-26 22:06:08,         1,DISABLED
WS_LOG,0,0,0,0,DATA_1M,VALID,2024-12-13 18:16:21,         1,DISABLED
WS_OFERTA,1379093,31506,0,159,DATA_4M,VALID,2024-12-13 18:16:28,         1,DISABLED
WS_OFERTA_ESTUDIOS,965,11,0,51,DATA_4M,VALID,2024-12-13 18:16:29,         1,DISABLED
WS_PROGRAMAS_FORMACION,879,12,0,66,DATA_4M,VALID,2024-12-13 18:16:29,         1,DISABLED
ZONA,741,6,0,23,DATOS_1M,VALID,2024-12-13 18:16:52,         1,DISABLED
